YEAR,BEA_CODE,SKILL_PREMIUM
1973,111CA,1.8414768473595338
1974,111CA,1.4107067807312508
1975,111CA,1.34738446977896
1976,111CA,1.6542001666662984
1977,111CA,1.583775348221523
1978,111CA,1.6305004239514846
1979,111CA,1.6171984961184263
1980,111CA,1.4226224948637431
1981,111CA,1.3798227621418886
1982,111CA,1.5275865243223572
1983,111CA,1.5066761305474823
1984,111CA,1.6990942457230414
1985,111CA,1.7547743041098782
1986,111CA,1.4010693216844177
1987,111CA,1.3726598781780874
1988,111CA,1.7051595193570672
1989,111CA,1.7689629667876003
1990,111CA,2.0469284926851095
1991,111CA,1.4474178932064055
1995,111CA,1.6793030346579427
1996,111CA,2.2045486080222387
1997,111CA,1.3425720521145976
2000,111CA,1.7909147097099078
2001,111CA,1.3604508518526646
2002,111CA,1.2168640389687988
2003,111CA,1.5333581980147455
2004,111CA,1.7006956633304053
2005,111CA,1.5309853481590086
2006,111CA,1.7033256883744965
2007,111CA,2.513307816772957
2008,111CA,1.747353820203971
2009,111CA,1.6573165308021272
2010,111CA,2.053725215836648
2011,111CA,1.591705484021153
2012,111CA,2.3125690804418
2013,111CA,1.2429469636146617
2014,111CA,1.8469620138426721
2015,111CA,1.9434921694248157
2016,111CA,2.0502999835078337
2017,111CA,1.5383333185723918
2018,111CA,2.023640866359307
2019,111CA,1.823093762633651
2020,111CA,1.8445149576584776
2021,111CA,1.3600693465826028
2022,111CA,1.7640409286860648
2023,111CA,1.6353471713259977
2024,111CA,1.77394339843079
2025,111CA,1.8141565830063926
1983,113FF,1.483821581507841
1984,113FF,1.1082457657694806
1985,113FF,1.4725505723304797
1986,113FF,1.6049965497440675
1987,113FF,1.3520712546089446
1988,113FF,1.6937590262943927
1989,113FF,1.738947018242917
1990,113FF,1.6466214141511542
1991,113FF,1.6573778887383155
1992,113FF,1.617576821618195
1993,113FF,1.7116031121104247
1994,113FF,1.490606546893972
1995,113FF,1.4060780532764265
1996,113FF,1.5436859373124145
1997,113FF,1.6407892729246185
1998,113FF,1.4328748366656254
1999,113FF,1.3541183754319217
2000,113FF,1.3992670699459917
2001,113FF,1.693950420931712
2002,113FF,1.5477058104103996
2003,113FF,1.780047096297007
2004,113FF,1.9068667437331162
2005,113FF,1.7152970423294416
2006,113FF,1.3940199610210795
2007,113FF,1.678048707629559
2008,113FF,1.5668073550860744
2009,113FF,1.6178126222451585
2010,113FF,1.6924410031732766
2011,113FF,1.4950004065063496
2012,113FF,1.6355882766154684
2013,113FF,1.5261019927946866
2014,113FF,1.721749207804524
2015,113FF,1.7424690198026251
2016,113FF,1.6174926136896546
2017,113FF,1.5647879422885822
2018,113FF,1.6366697854308656
2019,113FF,1.536728723231938
2020,113FF,1.2828461461089737
2021,113FF,1.613128487556649
2022,113FF,1.4642723387168253
2023,113FF,1.739572691438262
2024,113FF,1.4723720641625595
2025,113FF,1.8601457338585976
1972,211,1.7380745160977802
1974,211,1.4899059171936695
1975,211,1.2857415352870523
1976,211,1.5599373157796403
1977,211,1.5528965356108424
1978,211,1.413697642126832
1979,211,1.5095431211182204
1980,211,1.396315986119996
1981,211,1.311722795093692
1982,211,1.4125901399279897
1983,211,1.61242077207254
1984,211,1.6643007510520242
1985,211,1.6215429679331028
1986,211,1.4173547235672352
1987,211,1.6812004292217355
1988,211,1.686427196076204
1989,211,1.7464573297214268
1990,211,1.5778093918950589
1991,211,1.577780318250973
1992,211,1.4428483458308778
1993,211,1.4551278372578962
1994,211,1.616225296202109
1995,211,1.9289669973363197
1997,211,1.8132771998316877
1998,211,1.5981542287368269
1999,211,1.7492699288928697
2000,211,1.3754484241093896
2001,211,1.349633227199788
2002,211,1.553054786641467
2003,211,1.67131927020436
2004,211,1.9487006138241498
2005,211,1.9239184242106326
2006,211,1.7353219074276687
2007,211,1.5247756187614805
2008,211,1.505044458273301
2009,211,1.7474360444411072
2010,211,1.8195735807737643
2011,211,1.378197836040993
2012,211,1.808842553905662
2013,211,1.5603083307233845
2014,211,1.1721058483570457
2015,211,1.549181955703524
2016,211,1.4347833781565473
2017,211,1.8065116484913906
2018,211,1.4150955271108747
2019,211,1.1696171173672818
2020,211,1.492357866315252
2021,211,1.5942745494211237
2022,211,1.7303984981585374
2023,211,1.5598803152747946
2024,211,1.5732041078786372
2025,211,1.6261483210981018
1977,212,1.05696201226106
1979,212,1.2873305019833237
1980,212,1.1441959310653493
1981,212,1.1098059700625893
1982,212,1.0948879065726984
1983,212,1.0936682141587695
1986,212,1.1111303833494481
1990,212,1.2418816008726195
1991,212,1.0848264519535544
1992,212,1.3484036310244902
1993,212,1.3978372284139067
1994,212,1.2389703163324082
1995,212,1.209477825905903
1996,212,1.6517019916487736
1997,212,1.3111567508211137
1998,212,1.0696980750009797
1999,212,1.565952012260612
2000,212,1.408098645806994
2001,212,1.3143353111957552
2002,212,1.4597440436157814
2003,212,1.5940224944046733
2004,212,1.122223468401182
2005,212,1.6226298774388108
2006,212,1.2527663953894779
2007,212,1.3517825337289713
2008,212,1.3537737593058148
2009,212,1.0399329139511588
2010,212,1.1773229301997652
2011,212,1.671309139833491
2012,212,1.3596669351104058
2013,212,1.4698110847070414
2014,212,1.4721039948653645
2015,212,1.5481717615563122
2016,212,1.4468411359564683
2017,212,1.5809057584813533
2018,212,1.4843233208115827
2019,212,1.3175638430630783
2020,212,1.5487234556159115
1968,213,1.464738370105806
1969,213,1.4266852955000586
1970,213,1.8231301043675867
1971,213,1.5748545565936747
1972,213,1.473656258747825
1973,213,1.6661833552272898
1974,213,1.5519495300999822
1975,213,1.5279243258961424
1976,213,1.5923166684095444
1977,213,1.3924052081852247
1978,213,1.40429733638655
1979,213,1.4736764147494756
1980,213,1.5424585267711048
1981,213,1.5811975575534505
1982,213,1.69019777652569
1983,213,1.6271937485360246
1984,213,1.4553708732492194
1985,213,1.540088411138674
1986,213,1.5568830199349344
1987,213,1.632616243981424
1988,213,1.6410005650623847
1989,213,1.571269697217747
1990,213,1.597973520378747
1991,213,1.512565936182035
1992,213,1.534031958705386
1993,213,1.5116803181064717
1994,213,1.6392105834984227
1995,213,1.5071461982590821
1996,213,1.4032950616815336
1997,213,1.4223335569153026
1998,213,1.6633526889008656
1999,213,1.8520373320798538
2000,213,1.6691438131304892
2001,213,2.0994041994750283
2002,213,1.9140615372677763
2003,213,1.6478043305898136
2004,213,1.598239650887037
2005,213,1.4329605996794808
2006,213,1.7264858380608168
2007,213,1.8626626526189745
2008,213,1.7151578526461608
2009,213,1.8215189325261512
2010,213,1.8444576854390722
2011,213,1.4574918049464356
2012,213,1.5964481058624327
2013,213,1.7817811968224828
2014,213,1.7213202125107998
2015,213,1.6019109853869817
2016,213,1.603191199033332
2017,213,1.6026558174438579
2018,213,1.7723884798445666
2019,213,1.61428877697378
2020,213,1.607418623689847
2021,213,1.7692469285068693
2022,213,1.648261683476151
2023,213,1.9791306898559942
2024,213,1.6277342778023796
2025,213,1.6241690556222965
1968,22,1.2475889581931672
1969,22,1.2555680073797426
1970,22,1.430803032849923
1971,22,1.4108016030202704
1972,22,1.3923238684561834
1973,22,1.35985163053023
1974,22,1.2813449164206596
1975,22,1.2883166110119557
1976,22,1.341719076629725
1977,22,1.2855665917004422
1978,22,1.225418657726311
1979,22,1.252079823198719
1980,22,1.248511633108953
1981,22,1.2726648436717527
1982,22,1.216871633145454
1983,22,1.2853629349182318
1984,22,1.2768655599259284
1985,22,1.31073023433536
1986,22,1.3331876934988047
1987,22,1.2599543626234095
1988,22,1.226983301626733
1989,22,1.239581752456073
1990,22,1.2874976758109669
1991,22,1.2227446179699244
1992,22,1.277356781747121
1993,22,1.2655763187953677
1994,22,1.2202464867903096
1995,22,1.29259206702992
1996,22,1.3369799060733039
1997,22,1.249356040020201
1998,22,1.2531583312501942
1999,22,1.3512313889968663
2000,22,1.4543550911093037
2001,22,1.4484948218565254
2002,22,1.4575830487351196
2003,22,1.312973469737843
2004,22,1.3355997712350602
2005,22,1.4481362193852612
2006,22,1.455178160981585
2007,22,1.3129208987140082
2008,22,1.473576724178163
2009,22,1.4343702431111682
2010,22,1.3431362946967138
2011,22,1.4196381479268965
2012,22,1.4373691862599722
2013,22,1.4184249515645238
2014,22,1.593629662421289
2015,22,1.5056987881064172
2016,22,1.5233370511939326
2017,22,1.4129431336328433
2018,22,0.9493933581759479
2019,22,1.351341555536217
2020,22,1.4855779232682214
2021,22,1.4317315577218612
2022,22,1.6000742711346756
2023,22,1.5295083630498274
2024,22,1.624004620328038
2025,22,1.604283460377931
1968,23,1.2959435181171188
1969,23,1.2982371300796884
1970,23,1.3513683117839097
1971,23,1.292683720948604
1972,23,1.2604733013376979
1973,23,1.1790963820347695
1974,23,1.19911614874495
1975,23,1.2505502449347525
1976,23,1.2636250003568532
1977,23,1.2388802802214738
1978,23,1.2582698996503818
1979,23,1.3005834078890068
1980,23,1.236188215340196
1981,23,1.219922996926889
1982,23,1.2380213686855541
1983,23,1.2875525752425554
1984,23,1.2724485286925415
1985,23,1.24321082018801
1986,23,1.2740436615842774
1987,23,1.2491702416614927
1988,23,1.2803940930317064
1989,23,1.3783016438483933
1990,23,1.355212620066968
1991,23,1.354830199440499
1992,23,1.3908432233715349
1993,23,1.3051540849215582
1994,23,1.3211591235061682
1995,23,1.278683609757997
1996,23,1.3771384314916133
1997,23,1.3908467322264533
1998,23,1.2835078056183773
1999,23,1.4314325074585612
2000,23,1.3583332328129931
2001,23,1.4810982002554822
2002,23,1.4526250337555826
2003,23,1.4593471348712568
2004,23,1.495721574782827
2005,23,1.350582075827044
2006,23,1.4283774316217248
2007,23,1.561783510235028
2008,23,1.4257079396639278
2009,23,1.378999880528917
2010,23,1.4832619555975324
2011,23,1.4288291652825955
2012,23,1.3381376581982665
2013,23,1.4700122043204107
2014,23,1.4853147230379513
2015,23,1.4237600742500827
2016,23,1.315420207095484
2017,23,1.3778934206643862
2018,23,1.4139460244041109
2019,23,1.4366030016686322
2020,23,1.5035060030157228
2021,23,1.5387111908389552
2022,23,1.4333737234602624
2023,23,1.5309188535744715
2024,23,1.461022528927802
2025,23,1.414999131317976
1968,311FT,1.4341625436835965
1969,311FT,1.3726035216170398
1970,311FT,1.536055030460246
1971,311FT,1.5900562293443192
1972,311FT,1.3860035818011014
1973,311FT,1.4627277764826512
1974,311FT,1.372980504396215
1975,311FT,1.2136873263290517
1976,311FT,1.314074915847264
1977,311FT,1.3252399419196679
1978,311FT,1.3155249529546813
1979,311FT,1.3068440695901444
1980,311FT,1.3082327378486835
1981,311FT,1.3314475963128412
1982,311FT,1.3663662286993274
1983,311FT,1.3886279301132014
1984,311FT,1.377017593026341
1985,311FT,1.2682685704772898
1986,311FT,1.485811417595867
1987,311FT,1.4730649465635555
1988,311FT,1.421004790211992
1989,311FT,1.4720274956237835
1990,311FT,1.5081406722896844
1991,311FT,1.4626993139166975
1992,311FT,1.2898075662904247
1993,311FT,1.5517940545244486
1994,311FT,1.5888959157530476
1995,311FT,1.47515578461391
1996,311FT,1.7366936501614447
1997,311FT,1.7058272619178838
1998,311FT,1.452573448537551
1999,311FT,1.5226110565001116
2000,311FT,1.5358615193883016
2001,311FT,1.7055284800407615
2002,311FT,1.7453415676335668
2003,311FT,1.8285989442323378
2004,311FT,1.756020604805287
2005,311FT,1.7501889862419053
2006,311FT,1.737217166865424
2007,311FT,1.6503480143092395
2008,311FT,1.5809206789908794
2009,311FT,1.8132923207486988
2010,311FT,1.674341455482167
2011,311FT,1.8134886430455888
2012,311FT,1.66447851991324
2013,311FT,1.5450500646347205
2014,311FT,1.6678349383355966
2015,311FT,1.6912557768894148
2016,311FT,1.480460326354831
2017,311FT,1.5779308161617558
2018,311FT,1.7035544288441646
2019,311FT,1.5772695248286723
2020,311FT,1.9149755993964945
2021,311FT,1.6757952923889552
2022,311FT,1.908902037067619
2023,311FT,1.6143896534446756
2024,311FT,1.5487554747974557
2025,311FT,1.7483821960159798
1968,313TT,1.9562204970682504
1969,313TT,1.980603679768254
1970,313TT,2.0143200697132446
1973,313TT,1.9640717831862913
1974,313TT,2.0821217763274524
1979,313TT,1.6027391608090116
1980,313TT,1.7033081218745556
1983,313TT,1.8982860475940477
1984,313TT,1.5714016945778742
1985,313TT,1.7632020425100738
1986,313TT,1.7176974820157727
1987,313TT,1.7372421215956033
1988,313TT,1.6124653398198296
1989,313TT,1.7941725842480722
1990,313TT,1.824778302689356
1991,313TT,1.6852843701681726
1992,313TT,1.6014749816615832
1993,313TT,1.7315677900451405
1994,313TT,1.6354818525904802
1995,313TT,1.753153680790527
1997,313TT,1.4566313157688822
1998,313TT,1.5327720108493161
2001,313TT,2.0420445536535174
2002,313TT,2.5791844069532037
2003,313TT,2.1951861198593385
2004,313TT,1.563943936395621
2005,313TT,1.9105753616289507
2006,313TT,1.9935755978457912
2007,313TT,2.192258730552721
2008,313TT,1.6325203563006867
2009,313TT,1.4416236344972169
2010,313TT,2.0095486462229353
2011,313TT,1.8477457657573964
2013,313TT,1.5932433394930283
2016,313TT,1.5203136581128214
1968,315AL,2.2457559573370576
1969,315AL,2.189065798552669
1970,315AL,2.316215836621045
1971,315AL,2.2327578270264192
1972,315AL,1.9048996509920502
1973,315AL,1.827077894351684
1974,315AL,2.3789066232136213
1975,315AL,2.332787969171442
1976,315AL,2.05548261615995
1977,315AL,2.1393739779061622
1978,315AL,1.9655716627319373
1979,315AL,1.8849399542557892
1980,315AL,1.887553315106307
1981,315AL,1.9500140363701637
1982,315AL,2.2666263186124795
1983,315AL,2.0847247002174836
1984,315AL,2.113578540371017
1985,315AL,2.19902101681742
1986,315AL,1.918763008430864
1987,315AL,1.8234313033563803
1988,315AL,1.835620845292427
1989,315AL,2.024858586563354
1990,315AL,1.8416747962629698
1991,315AL,1.9384157114573823
1992,315AL,1.767533693256545
1993,315AL,1.650490127936904
1994,315AL,1.8327986252888289
1995,315AL,1.8772011498508092
1996,315AL,2.5977838480013773
1997,315AL,1.9199277706168598
1998,315AL,1.6076608591132597
1999,315AL,1.7863871525790787
2000,315AL,2.1236556115935565
2001,315AL,2.238978120591841
2002,315AL,2.0431562752125023
2003,315AL,2.3151799680377785
2004,315AL,2.093251440939523
2005,315AL,2.0018616320620697
2006,315AL,2.7359782432590727
2007,315AL,1.8842818678774376
2008,315AL,3.195351812194244
2010,315AL,2.484477664286949
2013,315AL,1.8818975685839294
2014,315AL,2.0272965711575752
2016,315AL,2.47638512347464
2017,315AL,2.222639701113743
2019,315AL,2.182980010713068
1977,321,1.3494566863582487
1980,321,1.539953193028856
1981,321,1.410489349393625
1982,321,1.4628472165069228
1984,321,1.5137451066774454
1985,321,1.4107840408328411
1993,321,1.3373901243973436
1994,321,1.4412320465332487
1995,321,1.3793962909035973
1996,321,1.8914676609304757
1997,321,1.398259871461499
1998,321,1.2245869120925454
1999,321,1.7625102720460268
2000,321,1.4958169137039454
2001,321,1.4352952511152852
2002,321,1.331865202345928
2003,321,1.421770825037483
2004,321,1.824673858706928
2005,321,1.8863417032423204
2006,321,1.6797635201304502
2007,321,1.413707798891041
2008,321,1.346171602113349
2009,321,1.3696812679169272
2010,321,1.7820685252087696
2011,321,1.641993768392695
2012,321,1.6333942264918817
2013,321,1.6540413929385354
2014,321,1.8409466912551873
2015,321,1.7904045376872078
2016,321,1.542217309932465
2017,321,1.0704387867813643
2018,321,1.7675127898643261
2019,321,1.5423474551923828
2020,321,1.7839053517094725
2021,321,1.5937956639816688
2022,321,1.5612582275728992
2024,321,1.3760656574079229
1968,322,1.6055855716843488
1969,322,1.3719400582512211
1970,322,1.462109686111599
1971,322,1.4328076465452484
1972,322,1.4210864719232061
1973,322,1.5102779751722115
1974,322,1.4302058843930934
1975,322,1.3719598638035595
1976,322,1.5441019202591775
1977,322,1.4225104883004052
1978,322,1.2398933726849297
1979,322,1.2687223237649858
1980,322,1.4995358003035393
1981,322,1.438035443494521
1982,322,1.426634010904854
1983,322,1.4175335161569693
1984,322,1.2088443887647304
1985,322,1.2298556197085004
1986,322,1.3904917285222544
1987,322,1.3393992872563607
1988,322,1.4025086686736075
1989,322,1.2668145826330495
1990,322,1.4433531650381382
1991,322,1.4248484873347178
1992,322,1.4001142677005511
1993,322,1.3550547201869863
1994,322,1.4176287692903868
1995,322,1.3753456282530536
1996,322,1.361587399076752
1997,322,1.3113284232774527
1998,322,1.2543723283892374
1999,322,1.5988719432491802
2000,322,1.5965570564426057
2001,322,1.5794751592422727
2002,322,1.4824386879114777
2003,322,1.6100411183052863
2004,322,1.3321456013726827
2005,322,1.6516354945544838
2006,322,1.3128731056041272
2007,322,1.6346103008316186
2008,322,1.4659605895629022
2009,322,1.4908546384545254
2010,322,1.4167802623308308
2011,322,1.1335849629366699
2012,322,1.5672901533834027
2013,322,1.6233609072073831
2014,322,1.266835513575162
2015,322,1.615277587380746
2016,322,1.2459671749318082
2017,322,1.4596066331727469
2018,322,1.3779200541756862
2019,322,1.708135445686114
2020,322,2.371130133800078
2021,322,1.7236574018315438
2022,322,1.650079106819772
2023,322,1.5812527650262242
2025,322,1.1127762106503052
1968,323,1.1003766152051417
1969,323,1.3650381207731717
1971,323,1.2359994039775972
1974,323,1.2187678089537777
1975,323,1.1615890309778403
1976,323,1.1592047684118807
1977,323,1.162424051500799
1978,323,1.2917420671787405
1979,323,1.392358539872811
1980,323,1.019178792842612
1981,323,1.1122195001439228
1982,323,1.175984632283397
1983,323,1.2629035426736233
1984,323,1.1535766574916442
1985,323,1.1047463737361012
1986,323,0.9557407062658273
1987,323,1.1918526067159303
1988,323,1.2429679812492787
1989,323,1.1934391157102877
1990,323,1.149953523431035
1991,323,1.2882238738849094
1992,323,1.2457708878281981
1993,323,1.0017406773911655
1994,323,1.191466555783693
1995,323,1.3214395235365624
1999,323,1.269184399940383
2000,323,1.3558092699400628
2001,323,1.2284565246739314
2002,323,1.5110600130890937
2003,323,1.6833294631049018
2004,323,1.577308738916905
2005,323,1.3077815461551276
2006,323,1.5237539982552886
2007,323,1.607615622810899
2008,323,1.4288308618822039
2009,323,1.340230857637028
1968,324,1.2858180022555057
1969,324,1.2181526897004826
1970,324,1.5077802014330988
1971,324,1.2950565459213101
1973,324,1.1490942446600816
1976,324,1.5105389186827773
1977,324,1.3913342051512498
1978,324,1.2518653306286465
1979,324,1.4073851616765105
1980,324,1.3014839329957648
1981,324,1.253104280836952
1982,324,1.2989018997965764
1983,324,1.2162856063818508
1986,324,1.226473319283289
1968,325,1.5475326049108782
1969,325,1.6075610432154557
1970,325,1.4428564428332558
1971,325,1.50143541781401
1972,325,1.5604591685534508
1973,325,1.539861762749581
1974,325,1.5916364311914155
1975,325,1.4931581362635462
1976,325,1.4947248830764954
1977,325,1.458819129959411
1978,325,1.3534038271897173
1979,325,1.4794501081422324
1980,325,1.3705147116496632
1981,325,1.358321902039638
1982,325,1.3530212629085676
1983,325,1.3961070131922804
1984,325,1.4990607314839628
1985,325,1.34178062413636
1986,325,1.3831855073749328
1987,325,1.4289396493034419
1988,325,1.4097564592779763
1989,325,1.4842576039194604
1990,325,1.3948919682847707
1991,325,1.4006506959131533
1992,325,1.4534673346790838
1993,325,1.496547552966528
1994,325,1.5059104820409195
1995,325,1.428910637970409
1996,325,1.581140731922123
1997,325,1.401948050647278
1998,325,1.5181235352623343
1999,325,1.5983805858605251
2000,325,1.87488167747098
2001,325,1.8564265888299527
2002,325,1.9336835541304034
2003,325,1.8073003049140726
2004,325,1.829539882273866
2005,325,1.5991271066876667
2006,325,1.7544184563823144
2007,325,1.8855424818153332
2008,325,1.8798635560481074
2009,325,1.7185762221819676
2010,325,1.8641372575431074
2011,325,2.054131038635833
2012,325,1.8292197201940992
2013,325,1.7645631502412165
2014,325,1.9312047513035129
2015,325,1.894013639780812
2016,325,1.8592619822749938
2017,325,1.967818426395831
2018,325,2.145004226581819
2019,325,1.9234644870190376
2020,325,2.0371534540021083
2021,325,2.3633016765654555
2022,325,1.749422399354982
2023,325,1.853603323778994
2024,325,1.8520627192093706
2025,325,1.9894712106921375
1968,326,1.4577765567119203
1969,326,1.3234069121512995
1970,326,1.552509601275434
1971,326,1.4097100166706629
1972,326,1.5224752260252912
1973,326,1.7256467702298603
1974,326,1.3790800513614763
1975,326,1.4878921831690675
1976,326,1.4526890041135738
1977,326,1.4323541137963203
1978,326,1.390735492844819
1979,326,1.5030886583995196
1980,326,1.5896366095840915
1981,326,1.486042873280157
1982,326,1.5208786881764178
1983,326,1.515917225918383
1984,326,1.3742641733138194
1985,326,1.6377674710791268
1986,326,1.4982313265082075
1987,326,1.6554452961726707
1988,326,1.6175842859341567
1989,326,1.6061190655908675
1990,326,1.4444595549781762
1991,326,1.5413193535201504
1992,326,1.670234589280239
1993,326,1.5585428014707097
1994,326,1.5336280284790826
1995,326,1.8435419950247482
1996,326,1.3572742617164613
1997,326,1.3230540848491399
1998,326,1.6818368803239483
1999,326,1.3490445873317736
2000,326,1.6381562950203052
2001,326,1.6569274454508098
2002,326,1.6512409120866802
2003,326,1.566404935730431
2004,326,1.4691743910364128
2005,326,1.661313516142348
2006,326,1.703439205931329
2007,326,1.81490360626475
2008,326,1.8129103229131645
2009,326,1.9334729552428667
2010,326,1.7662287514152115
2011,326,1.590227456378566
2012,326,1.6063433520875208
2013,326,1.3516130585675192
2014,326,1.8063873279417533
2015,326,1.393102276449594
2016,326,1.5174162236943354
2017,326,1.0713717570045593
2018,326,2.235191960246205
2019,326,1.4607063050783322
2020,326,1.5743443841871338
2021,326,1.387026942598662
2022,326,1.7597524315407747
2023,326,1.5985311083131808
2024,326,1.7128360415085817
2025,326,1.8185554230765353
1968,327,1.7530838905012898
1969,327,1.4450091956138047
1970,327,1.6409514552790188
1971,327,1.5275963384333595
1972,327,1.5033415803436867
1974,327,1.4028818010313753
1976,327,1.4600424200681534
1977,327,1.3071312819892795
1978,327,1.3876792036736123
1979,327,1.3151400290007813
1980,327,1.2931540382406328
1981,327,1.3729465277312813
1982,327,1.3521547132325284
1983,327,1.3854482266038337
1984,327,1.3386098950039629
1985,327,1.4170982603938584
1986,327,1.5211812893843675
1987,327,1.5128895470575494
1988,327,1.6134373355940217
1989,327,1.4141019624966193
1990,327,1.462315585325802
1991,327,1.3573863109828004
1992,327,1.240077811690583
1993,327,1.4105812497384886
1994,327,1.5194040273991456
1995,327,1.3626666866583532
1996,327,1.5326726651818816
1997,327,1.442103064454153
1998,327,1.5543551414389376
1999,327,1.4689270230223788
2000,327,1.5184696986341204
2001,327,1.5172941326097567
2002,327,1.6496077254822263
2003,327,1.3700659102362012
2004,327,1.5168364616085253
2005,327,1.3533217361546543
2006,327,1.5914140056560766
2007,327,1.5534847955915994
2008,327,1.450939556702755
2009,327,1.5776054477629375
2010,327,1.407952482415483
2011,327,1.4308072713325994
2012,327,1.3701665491452244
2013,327,1.7089555971128152
2014,327,1.2937592160532287
2015,327,1.5135458213273616
2016,327,1.4333129046228241
2017,327,1.4131159087368277
2018,327,1.7255730633869955
2019,327,1.3495936309544463
2020,327,1.2333991612814494
2021,327,1.6496141958945563
2022,327,1.5359147825263746
2023,327,1.4323360308584974
2025,327,1.1883946745927632
1968,331,1.3944546651787935
1969,331,1.2908476949163958
1970,331,1.3495272780510772
1971,331,1.4475326494778153
1972,331,1.5211272720126325
1973,331,1.5389406763638587
1974,331,1.3294621620065958
1975,331,1.1956256502893776
1976,331,1.2782122774193834
1977,331,1.1967604212464895
1978,331,1.242210968261839
1979,331,1.1570657280948287
1980,331,1.161820893817469
1981,331,1.1781219629856021
1982,331,1.2360227485538193
1983,331,1.2206146360677068
1984,331,1.3087040617239332
1985,331,1.3194872038246916
1986,331,1.2405561905047267
1987,331,1.424600843721832
1988,331,1.3270140806878412
1989,331,1.1468922340381984
1990,331,1.1604793026720894
1991,331,1.4084085904882229
1992,331,1.3840106207699456
1993,331,1.3266466573943945
1994,331,1.2990670893986835
1995,331,1.247556162777721
1996,331,1.4689075337205624
1997,331,1.3252046090052374
1998,331,1.2502390950294946
1999,331,1.457421427544646
2000,331,1.4361344615536085
2001,331,1.6250033131852961
2002,331,1.6600320726092754
2003,331,1.2751764609358391
2004,331,1.4828014597492705
2005,331,1.6591166007274893
2006,331,1.7288355563940432
2007,331,1.5084616696165796
2008,331,1.4038624173665584
2009,331,1.270934982167129
2010,331,1.6067862407655977
2011,331,1.4192261781669109
2012,331,1.2760183772078069
2013,331,1.2301569972385855
2014,331,1.330980542833793
2015,331,1.4653195440606923
2016,331,1.3579480352235298
2017,331,1.4739198799777924
2018,331,1.2855046309371458
2019,331,1.4820022528803585
2020,331,1.3281628122486067
2021,331,1.5358080047807967
2022,331,1.5293066261711543
2023,331,1.4007766229322318
2024,331,1.3295201540496546
2025,331,1.5838917007252755
1968,332,1.7456506529265055
1969,332,1.40887787349884
1970,332,1.6161717630378774
1971,332,1.5014460683186648
1972,332,1.555363211262801
1973,332,1.512654226205629
1974,332,1.4655724567348205
1975,332,1.4191828648726355
1976,332,1.5571932836863245
1977,332,1.4937314319017507
1978,332,1.4016201381263653
1979,332,1.4043278377524715
1980,332,1.5309782821535247
1981,332,1.4729166475089257
1982,332,1.498267477791335
1983,332,1.4985084538292457
1984,332,1.5339517612977704
1985,332,1.2787186473102983
1986,332,1.3350001050086937
1987,332,1.4088918121315661
1988,332,1.3439244707968694
1989,332,1.4112263888255825
1990,332,1.4702507294198808
1991,332,1.5541075872704753
1992,332,1.488717979093582
1993,332,1.377371499756816
1994,332,1.4514746407535555
1995,332,1.505233168262301
1996,332,1.5835494463705313
1997,332,1.475468381455418
1998,332,1.403993803323383
1999,332,1.6863296121175562
2000,332,1.5536363408937215
2001,332,2.0227785746707405
2002,332,1.6231228758445575
2003,332,1.3807527115745364
2004,332,1.5015150186269424
2005,332,1.4291180184243726
2006,332,1.417586206077606
2007,332,1.5009666377749646
2008,332,1.48056414267292
2009,332,1.5613192403793694
2010,332,1.6545099524945603
2011,332,1.3864376788209753
2012,332,1.4847133550042977
2013,332,1.5180753085887604
2014,332,1.3557123624505167
2015,332,1.582033303038222
2016,332,1.6444815975158844
2017,332,1.321523122687511
2018,332,1.3770110555374384
2019,332,1.2762784265096567
2020,332,1.6894186387454548
2021,332,1.3207556459985095
2022,332,1.4735438199938764
2023,332,1.4939447548280809
2024,332,1.7538198944298031
2025,332,1.3488566491995815
1968,333,1.4122390360337984
1969,333,1.4623841271053815
1970,333,1.4978175292089493
1971,333,1.4716717807326325
1972,333,1.421303403934237
1973,333,1.3805485787031917
1974,333,1.347585376791461
1975,333,1.2572061303035142
1976,333,1.2969144243399493
1977,333,1.395533492018979
1978,333,1.3585008605186433
1979,333,1.3233436928020128
1980,333,1.248175877829595
1981,333,1.3083086954481347
1982,333,1.2924431555366656
1983,333,1.3314927029723898
1984,333,1.3484671579134067
1985,333,1.394371358539643
1986,333,1.27083489047017
1987,333,1.3218571050543741
1988,333,1.37644078017604
1989,333,1.3654907770430806
1990,333,1.3691694286296285
1991,333,1.3296551546804987
1992,333,1.34936206071515
1993,333,1.466609636511397
1994,333,1.465255483401663
1995,333,1.3967441653686479
1996,333,1.3641587793656709
1997,333,1.445493979446187
1998,333,1.4200478560392271
1999,333,1.510376957509341
2000,333,1.5444974776889384
2001,333,1.487169834169304
2002,333,1.4535222847861835
2003,333,1.589872265633063
2004,333,1.5687365407940705
2005,333,1.5236550519007839
2006,333,1.683826910306656
2007,333,1.4764547109367359
2008,333,1.5704848517673833
2009,333,1.6220022395020863
2010,333,1.6619219410925103
2011,333,1.6811518930164007
2012,333,1.4780243415250736
2013,333,1.6352826873267094
2014,333,1.7367620686780612
2015,333,1.6494967504346438
2016,333,1.8105866559085564
2017,333,1.3308975939594692
2018,333,1.0618283434492242
2019,333,1.8928008058749786
2020,333,1.7443866766250435
2021,333,1.6610590684395397
2022,333,1.5475750843476723
2023,333,1.6316602600343688
2024,333,1.6904253512330096
2025,333,1.345393115094304
1968,334,1.534747284632056
1969,334,1.4568982260995291
1970,334,1.3081851520113756
1971,334,1.4240253242376355
1972,334,1.537888559704072
1973,334,1.6332763571791111
1974,334,1.6103623867079235
1975,334,1.471905848071398
1976,334,1.5716314977089696
1977,334,1.621952001543046
1978,334,1.3973307575238187
1979,334,1.4384421899204647
1980,334,1.4834736819928636
1981,334,1.424074624085969
1982,334,1.4916911057036422
1983,334,1.5689695328554991
1984,334,1.4889962922608717
1985,334,1.5179485651389963
1986,334,1.571410566719492
1987,334,1.609783698443445
1988,334,1.524136913686354
1989,334,1.480996377603175
1990,334,1.5421215321007136
1991,334,1.7381585767149974
1992,334,1.6828877195008434
1993,334,1.6843147289918892
1994,334,1.7576704931721712
1995,334,1.7812752854375136
1996,334,2.14674110893197
1997,334,2.0412556219050155
1998,334,1.772692187425656
1999,334,1.7601120319180141
2000,334,1.7262895218411618
2001,334,2.233895320379023
2002,334,2.1740642542626705
2003,334,1.9733532095204442
2004,334,2.1564386781634384
2005,334,2.023500704401863
2006,334,2.357844145327205
2007,334,2.0734057636044563
2008,334,2.2857688034047956
2009,334,2.2939760901576083
2010,334,2.154334044932834
2011,334,2.6404420680321534
2012,334,1.482847698480881
2014,334,2.069632796542969
2015,334,1.9049157050776349
2016,334,2.2740174211053965
2018,334,2.2365720671066205
1968,335,1.6106065203755386
1969,335,1.677189293867058
1970,335,1.7172141070631874
1971,335,1.7568868803909328
1972,335,1.7140498688036152
1973,335,1.6504471389320388
1974,335,1.4895758772862768
1975,335,1.5524232775829292
1976,335,1.5317020366489036
1977,335,1.539534165754654
1978,335,1.7151551938423195
1979,335,1.6326243252529364
1980,335,1.5770030383778035
1981,335,1.5758025962634856
1982,335,1.4915833055554628
1983,335,1.4926343396440758
1984,335,1.620602941282569
1985,335,1.6673026788280616
1986,335,1.5834454624591556
1987,335,1.5968509850953818
1988,335,1.6886949008559653
1989,335,1.8813693224398687
1990,335,1.6349236487912384
1991,335,1.691831978299074
1992,335,1.7144427798126591
1993,335,1.7921586512775733
1994,335,1.686206634074549
1995,335,1.818463860756995
1996,335,1.7296057022630162
1997,335,1.7253285925928559
1998,335,1.4375948854688059
1999,335,1.8498338039558508
2000,335,1.8843814658080822
2001,335,1.9789720685456889
2002,335,1.9685397559843005
2003,335,1.8500106244333459
2004,335,1.9128820661712538
2005,335,2.2159066080189245
2006,335,2.153194399280681
2007,335,1.9008705170605362
2008,335,1.9148804411983693
2009,335,2.2287275721661826
2010,335,1.7095464845445092
2011,335,2.1723180849803385
2012,335,2.21463910611548
2013,335,2.0831811175185515
2014,335,1.3644678329648028
2015,335,1.9840816603382079
2016,335,2.13244072580909
2017,335,2.1510194728456056
2018,335,1.9180713776186877
2019,335,2.3571257609618144
2020,335,2.0950192609536162
2021,335,2.1663437982541427
2022,335,2.3171777395200905
2023,335,2.5630064686292213
2024,335,2.408933521053129
2025,335,1.9588611555505788
1968,3361MV,1.2461007027672335
1969,3361MV,1.2298817403076403
1970,3361MV,1.3710528224424654
1971,3361MV,1.3944845444383946
1972,3361MV,1.4250541758535862
1973,3361MV,1.317065987909874
1974,3361MV,1.2689069305735237
1975,3361MV,1.3367109996551485
1976,3361MV,1.2647561920032888
1977,3361MV,1.2577835102101627
1978,3361MV,1.3217466331015395
1979,3361MV,1.2235074287133192
1980,3361MV,1.22962163206814
1981,3361MV,1.349525379659143
1982,3361MV,1.3358162889173504
1983,3361MV,1.4113795398897702
1984,3361MV,1.3356561845713382
1985,3361MV,1.2373148496584754
1986,3361MV,1.2951090254837845
1987,3361MV,1.2461658834555265
1988,3361MV,1.3131131786277097
1989,3361MV,1.3552291638367742
1990,3361MV,1.3264468660160191
1991,3361MV,1.4471173917490696
1992,3361MV,1.3640253571492071
1993,3361MV,1.3622037350506337
1994,3361MV,1.3246213659860226
1995,3361MV,1.3553448965044113
1996,3361MV,1.3656486290753789
1997,3361MV,1.2164837285780226
1998,3361MV,1.395519561297651
1999,3361MV,1.4696199218543127
2000,3361MV,1.4295857573632835
2001,3361MV,1.5994631135899733
2002,3361MV,1.4294146078084415
2003,3361MV,1.447198222039258
2004,3361MV,1.4485169101737576
2005,3361MV,1.5429385221056455
2006,3361MV,1.4755793059982085
2007,3361MV,1.4623003344001222
2008,3361MV,1.628811649689831
2009,3361MV,1.7778994320932897
2010,3361MV,1.7061158128374467
2011,3361MV,1.6857455663365954
2012,3361MV,1.5818331869133568
2013,3361MV,1.583983612588947
2014,3361MV,1.6304586352586175
2015,3361MV,1.587621970203978
2016,3361MV,1.8212623127267258
2017,3361MV,1.4488901889770893
2018,3361MV,1.7087462265144873
2019,3361MV,1.69525493150917
2020,3361MV,1.6993947956968412
2021,3361MV,1.8350787473438435
2022,3361MV,1.5488391891665614
2023,3361MV,1.7434738272170258
2024,3361MV,1.8463464681229529
2025,3361MV,1.4751088051253307
1968,3364OT,1.4628563685355045
1969,3364OT,1.4411472229481253
1970,3364OT,1.45360229230565
1971,3364OT,1.5172568299323161
1972,3364OT,1.30876494928355
1973,3364OT,1.4978717267590165
1974,3364OT,1.4531209256211788
1975,3364OT,1.5010070572724856
1976,3364OT,1.3591594010741943
1977,3364OT,1.347567468451056
1978,3364OT,1.4066913936063012
1979,3364OT,1.372806290436802
1980,3364OT,1.2898721081292943
1981,3364OT,1.3658200892074428
1982,3364OT,1.393452486974544
1983,3364OT,1.3681118654020696
1984,3364OT,1.4153068979314438
1985,3364OT,1.4231751778408033
1986,3364OT,1.3956481701782824
1987,3364OT,1.4762500958909737
1988,3364OT,1.4577573692566281
1989,3364OT,1.443520859689765
1990,3364OT,1.436744750892156
1991,3364OT,1.4140585783074593
1992,3364OT,1.4782919156322456
1993,3364OT,1.4249711059766943
1994,3364OT,1.3410629248186479
1995,3364OT,1.4689598854995014
1996,3364OT,1.4889740227480828
1997,3364OT,1.5966671699619126
1998,3364OT,1.5663105472438623
1999,3364OT,1.4416913888997407
2000,3364OT,1.4784313476377888
2001,3364OT,1.7451996782066128
2002,3364OT,1.544035913927741
2003,3364OT,1.6776455117760956
2004,3364OT,1.6813679210503305
2005,3364OT,1.6953849184578922
2006,3364OT,1.6646161047468322
2007,3364OT,1.8687055051787456
2008,3364OT,1.6494007223260787
2009,3364OT,1.7322259853475965
2010,3364OT,1.538300605247435
2011,3364OT,1.2148873563233595
2012,3364OT,1.639183742594249
2013,3364OT,1.70341531199135
2014,3364OT,1.901693427352303
2015,3364OT,1.7053210807605104
2016,3364OT,1.5039076597668297
2017,3364OT,1.6839772077303827
2018,3364OT,1.7501193496675143
2019,3364OT,1.6525471406891474
2020,3364OT,1.8835841298697695
2021,3364OT,1.731928893504256
2022,3364OT,1.7421868676416647
2023,3364OT,1.7879736849624104
2024,3364OT,1.7057778199578177
2025,3364OT,1.3643032681905218
1979,337,1.2995298671282796
1985,337,1.3360032253114356
1986,337,1.7140196158341712
1987,337,1.706416190795871
1992,337,1.4912584172685206
1993,337,1.539855263922803
1994,337,1.3646064656872499
1995,337,1.4037233114874832
1996,337,1.6130046214290306
1997,337,1.6229045744541597
1998,337,1.733539939378138
1999,337,1.7690214626723086
2000,337,1.6312233531186313
2001,337,1.558753693867233
2002,337,1.6875827704084674
2003,337,1.466667008934253
2004,337,1.8765621620266142
2005,337,1.5397332177893683
2006,337,1.3205510880914224
2007,337,1.4701576741111602
2008,337,1.5556604250186334
2009,337,1.4654767500604615
2010,337,1.594149215291654
2011,337,1.51768073044247
2012,337,1.169533041825735
2013,337,1.6515042593242666
2014,337,1.6531413674615716
2015,337,1.5032064124106062
2016,337,1.5379013924333773
2017,337,1.4631340018613477
2018,337,1.5205993253698769
2019,337,1.4664031397391961
2020,337,1.476320559120792
2021,337,2.012391977578433
1971,339,1.8060666107750005
1972,339,1.6821194345051196
1973,339,1.5849207198515607
1974,339,1.8862450042001877
1975,339,1.6158210200917345
1976,339,1.5549365934276984
1977,339,1.6579963792452912
1978,339,1.654792284865103
1979,339,1.5907229382306085
1980,339,1.7356226706158304
1981,339,1.6139807861447284
1982,339,1.6297103584498676
1983,339,1.500682768614574
1984,339,1.6997239737524392
1985,339,1.6143041503705728
1986,339,1.713587623351092
1987,339,1.8603391412132624
1988,339,1.5103642963445596
1989,339,1.682441423487503
1990,339,1.8180856095018896
1991,339,1.652717885226075
1992,339,1.826694525613762
1993,339,1.6792491045754692
1994,339,1.5633493353130188
1995,339,1.896648942244603
1996,339,2.351182783399635
1997,339,1.8623194000088712
1998,339,1.820604952443307
1999,339,1.8187936589739653
2000,339,1.853281303800826
2001,339,1.9029982055690489
2002,339,1.9076596049141556
2003,339,1.9442598648335307
2004,339,1.900525695127761
2005,339,1.9144398512160112
2006,339,1.943266142068513
2007,339,1.9657710434883775
2008,339,1.9449618060385307
2009,339,1.8909911552642042
2010,339,2.198773046713988
2011,339,1.917593916797984
2012,339,1.7928912824974674
2013,339,1.8266939189419646
2014,339,1.8238795523177025
2015,339,1.4912027218736505
2016,339,1.9470082665064865
2017,339,1.977871896436387
2018,339,1.9762652408908254
2019,339,1.967174565543382
2020,339,1.8889458983612541
2021,339,1.7607343877082422
2022,339,2.104703653576934
2023,339,1.824481622706647
2024,339,2.1509875456675136
2025,339,2.1625783087250676
1968,42,1.4143442724614548
1969,42,1.4105612824437208
1970,42,1.4271948202941929
1971,42,1.4269908312360984
1972,42,1.5524884470280051
1973,42,1.5030045649148729
1974,42,1.4088191376461037
1975,42,1.447504225838213
1976,42,1.4104659415842389
1977,42,1.3642734024001097
1978,42,1.4466736599411762
1979,42,1.3711809908415762
1980,42,1.3843487547517168
1981,42,1.350085044521138
1982,42,1.3945204724590528
1983,42,1.371663256933985
1984,42,1.4973871390452407
1985,42,1.4975499238418433
1986,42,1.468777492808364
1987,42,1.47952987186757
1988,42,1.4127784059950879
1989,42,1.4501897324473536
1990,42,1.5231740771423956
1991,42,1.5232057172634677
1992,42,1.445072739156935
1993,42,1.374814740281722
1994,42,1.4787545590503974
1995,42,1.4328361981131374
1996,42,1.5434091206004499
1997,42,1.585341917212227
1998,42,1.438292985431352
1999,42,1.4957680142056626
2000,42,1.624479464570079
2001,42,1.627025556545466
2002,42,1.6092530248480974
2003,42,1.6339040067361377
2004,42,1.5692519759498866
2005,42,1.7052548900570605
2006,42,1.6400802543870903
2007,42,1.700664904891166
2008,42,1.6666473710225966
2009,42,1.8452989108443962
2010,42,1.735566554414386
2011,42,1.651620687992351
2012,42,1.5810026502592047
2013,42,1.6868598402763104
2014,42,1.649609039072488
2015,42,1.5350058454199624
2016,42,1.7187932939244748
2017,42,1.8089842374470269
2018,42,1.571884690172375
2019,42,1.6281776904831988
2020,42,1.7694009498445136
2021,42,1.5982994366743843
2022,42,1.6287894792897164
2023,42,1.849437900036763
2024,42,1.6738367417079107
2025,42,1.5586752076881445
1968,44RT,1.4104371417978436
1969,44RT,1.402511068390105
1970,44RT,1.3791353581680295
1971,44RT,1.3820816538849885
1972,44RT,1.3569602264287706
1973,44RT,1.3013008440393987
1974,44RT,1.301611962767114
1975,44RT,1.2464352062490631
1976,44RT,1.3446757449660616
1977,44RT,1.279265925580753
1978,44RT,1.2495349254055614
1979,44RT,1.283345650293651
1980,44RT,1.2657949789595873
1981,44RT,1.2500322809236664
1982,44RT,1.240652478901825
1983,44RT,1.277776313958555
1984,44RT,1.3115960859181564
1985,44RT,1.323679348929922
1986,44RT,1.336832395554291
1987,44RT,1.3001924462638679
1988,44RT,1.3654329917345627
1989,44RT,1.389789967394659
1990,44RT,1.3934415687631803
1991,44RT,1.4030522658451754
1992,44RT,1.3948125535990492
1993,44RT,1.328680712034962
1994,44RT,1.33525320678811
1995,44RT,1.301835027280697
1996,44RT,1.3597787150229665
1997,44RT,1.396000019963926
1998,44RT,1.3753990636352924
1999,44RT,1.4209346054272685
2000,44RT,1.328840994830553
2001,44RT,1.511117189075488
2002,44RT,1.4213992380959164
2003,44RT,1.5533235105589729
2004,44RT,1.5107640502754351
2005,44RT,1.552051032258514
2006,44RT,1.5002519014611064
2007,44RT,1.4814276686843961
2008,44RT,1.4188949805394533
2009,44RT,1.4351738065937472
2010,44RT,1.4242099353064108
2011,44RT,1.4895753528339795
2012,44RT,1.476758193112248
2013,44RT,1.3727788122499276
2014,44RT,1.4743169465054662
2015,44RT,1.4723355416104886
2016,44RT,1.5177063927222316
2017,44RT,1.499215896587942
2018,44RT,1.4042042947881062
2019,44RT,1.5463541640424279
2020,44RT,1.5790398976603837
2021,44RT,1.4107158516431235
2022,44RT,1.5658131905366839
2023,44RT,1.532108495016468
2024,44RT,1.5040858448116181
2025,44RT,1.480948744063745
1968,481,0.9385836187115232
1969,481,1.0442048537000994
1970,481,1.03032182743627
1971,481,1.1127914408449815
1972,481,1.4920166246778306
1973,481,1.1064521130069231
1974,481,1.0335345480164186
1975,481,1.1236429967572166
1976,481,1.2118089427512395
1977,481,1.0649705397632763
1978,481,1.033710589880604
1979,481,1.0951066777272065
1980,481,1.1045349017168338
1981,481,1.1925561221816618
1982,481,1.0963735001171895
1983,481,1.258729048890957
1984,481,1.1406817751578064
1985,481,1.307556663393763
1986,481,1.1779702134678354
1987,481,1.1686211302023366
1988,481,1.1106568692685856
1989,481,1.3332592924074649
1990,481,1.2573607365054564
1991,481,1.19986345848385
1992,481,1.3007041892389175
1993,481,1.2779957130024924
1994,481,1.2018599821499762
1995,481,1.3290366525394646
1996,481,1.294220195396818
1997,481,1.8368973603374925
1998,481,1.550020567190274
1999,481,1.4809145863710562
2000,481,1.322042862109976
2001,481,1.6146286974461939
2002,481,1.5067933477577962
2003,481,1.436207371647818
2004,481,1.4512147414379155
2005,481,1.4252021446268361
2006,481,1.354570944944309
2007,481,1.418550527870618
2008,481,1.3489728433505104
2009,481,1.3559671512020979
2010,481,1.4651385278936047
2012,481,1.7187200979991166
2015,481,1.5764624178198536
2016,481,1.7022790826536989
2017,481,1.5083682739277748
2019,481,1.3847146831133494
2020,481,1.9407863595570274
2024,481,1.5314427668756538
1968,482,1.1997710347961434
1969,482,1.3551325409046415
1970,482,1.1054829442451672
1974,482,1.2194222502583718
1975,482,1.0675565409703327
1976,482,1.2435908090405279
1977,482,1.1246824894239758
1978,482,1.1516959567424574
1979,482,1.143959526764198
1980,482,1.1461693812199163
1981,482,1.2041029538955401
1982,482,1.0619115160042216
1983,482,0.9972792469918088
1984,482,1.1521503588298883
1985,482,1.1276845366331887
1986,482,1.1625595904847428
1987,482,1.2224111652864358
1988,482,1.2158596859066273
1991,482,1.038592914564011
1992,482,0.9819143097159652
1993,482,0.9836461036611247
1994,482,1.239112110088931
2000,482,1.2510675596322158
2001,482,1.1366790389944281
2002,482,1.1785994670596494
2003,482,1.1269170284207115
2004,482,1.1473349259089107
2005,482,1.2235225043493831
2006,482,0.9952654272663678
2007,482,1.115153993329898
2008,482,1.1561153797334658
2009,482,1.2506837159552078
2010,482,1.1631350830914902
2012,482,1.082892770095033
2013,482,1.1701591511579632
2014,482,1.2873911666083575
2015,482,1.039328435885694
2017,482,1.1343513296381358
1972,484,1.2113161881063772
1973,484,1.1721709183195075
1974,484,1.0663572136390929
1975,484,0.9855193493533176
1976,484,1.0823292403579796
1977,484,1.0619351378797328
1978,484,1.0178019561817193
1979,484,1.0613208265159149
1980,484,1.0511036973804804
1981,484,1.0395254564275194
1982,484,1.1402796529422774
1983,484,1.1006910328026456
1984,484,1.09143950073437
1985,484,1.2061902630150523
1986,484,1.1456851478409837
1987,484,1.2755804740579424
1988,484,1.2464673956331105
1989,484,1.238881337310577
1990,484,1.2409909996406614
1991,484,1.0991209169128364
1992,484,1.2262757634628432
1993,484,1.2057067790295324
1994,484,1.2429320427976691
1995,484,1.1904546274436143
1996,484,1.1665221535598393
1997,484,1.2239028792405062
1998,484,1.123306594534537
1999,484,1.261987283815224
2000,484,1.2380734440870063
2001,484,1.2530667046238513
2002,484,1.3238207168237235
2003,484,1.2631566160292733
2004,484,1.2234121611831694
2005,484,1.2646778980858282
2006,484,1.1108816334913658
2007,484,1.068777537865965
2008,484,1.2979162289374213
2009,484,1.1333593177398906
2010,484,1.2643487527477912
2011,484,1.1458836542850366
2012,484,1.1738284259851985
2013,484,1.3185885660511942
2014,484,1.2094381697575523
2015,484,1.153967570544756
2016,484,1.3570609969570566
2017,484,1.2023086876413138
2018,484,1.0967312322252722
2019,484,1.2980747755156357
2020,484,1.2157383461809412
2021,484,1.2097518656955388
2022,484,1.1804613850387657
2023,484,1.206355420912405
2024,484,1.2062710997510575
2025,484,1.249530862733876
1977,485,1.1642398004287737
1979,485,1.0381033794832717
1980,485,1.1767149418988365
1981,485,1.0442772622280585
1982,485,1.189347026753011
1983,485,1.084848555608435
1984,485,1.1323018922564685
1985,485,1.1278029758248302
1986,485,1.0775517146163118
1987,485,1.223766496192881
1988,485,1.198543299837116
1990,485,1.141364346181133
1991,485,1.1880569793298388
1992,485,1.2010846859957718
1993,485,1.3355827511425806
1994,485,1.0786639538892446
1995,485,1.03922593559204
1996,485,1.0918539691557942
1997,485,1.1137926148263848
1998,485,0.9035525389985342
1999,485,1.0280488494243896
2000,485,1.2713475807131587
2001,485,1.1548709309316636
2002,485,1.119831784962788
2003,485,1.30103119047111
2004,485,1.474597011494962
2005,485,1.2131200973154015
2006,485,1.391935613989833
2007,485,1.1069288621513218
2008,485,1.2668437715568217
2009,485,1.2861108047686256
2010,485,1.3988360331837033
2011,485,1.660797616392937
2012,485,1.2839542626260811
2013,485,1.2725757063726724
2014,485,1.1574975236197946
2015,485,1.2759096263148257
2016,485,1.5614053469402829
2017,485,1.4222468745155714
2018,485,1.2440353132605613
2019,485,1.3273900688272777
2020,485,1.1845282308731764
2021,485,1.2075786748777013
2022,485,1.1716114296067703
2023,485,1.267368520452009
2024,485,1.6532792216852772
2025,485,1.7065292913011187
1995,487OS,1.085662410838176
2001,487OS,1.3433087940506623
2002,487OS,1.2207846557906914
2003,487OS,1.5913820078895096
2004,487OS,1.3716871011053064
2005,487OS,1.295246827753088
2006,487OS,1.5210200021878555
2007,487OS,1.2540173082863244
2008,487OS,1.3987522594104247
2009,487OS,1.5297999002404148
2010,487OS,1.5811886393670023
2011,487OS,1.6896007199134748
2012,487OS,1.2372534908975683
2013,487OS,1.4401561019389544
2014,487OS,1.4286500455888862
2015,487OS,1.6198200956346755
2016,487OS,1.6562380877821632
2017,487OS,1.2207822304555032
2018,487OS,1.348853610976508
2019,487OS,1.4585185904911877
2020,487OS,1.4696806665560005
2021,487OS,1.341549667422793
2022,487OS,1.4601139795340838
2023,487OS,1.3538274226983957
2024,487OS,1.8291336544205214
2025,487OS,1.4262435970681422
2007,493,1.2048647190885036
2008,493,1.2848732390274693
2009,493,1.5400826420960956
2011,493,1.232972092999947
2012,493,1.5644057129536464
2013,493,1.39209930709056
2014,493,1.2480802605283914
2015,493,1.521248799717432
2016,493,1.1495767270310224
2017,493,1.718254907616733
2018,493,1.2327828859908465
2019,493,1.3838120975592914
2020,493,1.3943851492759363
2021,493,1.1765442739240721
2022,493,1.4097046651720486
2023,493,1.1078379771777809
2024,493,1.1645948984329655
2025,493,1.3719273704365627
1977,512,1.4527409654989458
1978,512,1.2618998799806733
1979,512,1.3696419635717625
1980,512,1.2717131433214266
1981,512,1.301088866165338
1982,512,1.0264340279378348
1983,512,1.3061210472652762
1984,512,1.1819791514146978
1985,512,1.473392239225347
1986,512,1.5261644482621477
1987,512,1.3847858605908292
1988,512,1.2450927225934545
1989,512,1.227087939844196
1990,512,1.3742833233142095
1991,512,1.5475166888631882
1992,512,1.4294420058763748
1993,512,1.2377639216934122
1994,512,1.2833272427257292
1995,512,1.29994219456483
1996,512,1.0981687053249198
1997,512,1.2329335895534788
1998,512,1.269579763222977
1999,512,1.2920790784972163
2000,512,1.2500728442459914
2001,512,1.5286414797809604
2002,512,1.5656141773382808
2003,512,1.5423506914094447
2004,512,1.6587550510540727
2005,512,1.511520867003478
2006,512,1.5682517924377197
2007,512,1.7311467531883322
2008,512,1.524257751011035
2009,512,1.5835743028998006
2010,512,1.568752841592969
2011,512,1.4043337522513277
2012,512,1.6807980709473043
2013,512,1.602093198430844
2014,512,1.352630032139163
2015,512,1.730279683334025
2016,512,1.5717499267072277
2017,512,1.4392634371828807
2018,512,1.3521034014584232
2019,512,1.658567279379581
2020,512,1.4989497336741981
2021,512,1.6367381792168256
2022,512,1.3441991874635855
2023,512,1.8186121644872641
2024,512,1.59330497268919
2025,512,1.2957442051053485
1968,513,1.4478985600065373
1969,513,1.3978974989698116
1970,513,1.3108060418399192
1971,513,1.3358175358525803
1972,513,1.3160983879741648
1973,513,1.3143025007381286
1974,513,1.1848665533518774
1975,513,1.2789416886749765
1976,513,1.1671280794635028
1977,513,1.2217163030404152
1978,513,1.16138612200989
1979,513,1.189381541227306
1980,513,1.1954981338384765
1981,513,1.1556648233917333
1982,513,1.148374608725834
1983,513,1.1733371368527257
1984,513,1.1246827100899641
1985,513,1.1514324557066138
1986,513,1.2327526182723978
1987,513,1.227875795944746
1988,513,1.1822626875808997
1989,513,1.112277859714208
1990,513,1.2208047145383054
1991,513,1.1721211734698866
1992,513,1.1896296175132848
1993,513,1.2686068361107992
1994,513,1.2626950232395606
1995,513,1.2195357575749184
1996,513,1.1472673032210214
1997,513,1.2090950139875347
1998,513,1.3340652264891402
1999,513,1.3900711705944513
2000,513,1.4574405933799768
2001,513,1.3385200606742096
2002,513,1.4410549095820329
2003,513,1.5283052318800006
2004,513,1.3860784680685878
2005,513,1.4914530787090696
2006,513,1.4175685974135315
2007,513,1.6805796202679186
2008,513,1.4966642907446706
2009,513,1.5530572034225978
2010,513,1.4794035468168594
2011,513,1.4685059680175843
2012,513,1.6321730938944896
2013,513,1.4274268171200846
2014,513,1.6580032203617516
2015,513,1.711905697064653
2016,513,0.9846290996943046
2017,513,1.4526911473986033
2018,513,2.0380208455725928
2019,513,1.5960144581117215
2020,513,1.4276361359538965
2021,513,1.4888460176070708
2022,513,1.6467398453802002
2023,513,1.8234999816263693
2024,513,1.8086393674059364
2025,513,1.8919333797190185
1968,521CI,1.4254463150178749
1969,521CI,1.4509700420110934
1970,521CI,1.5180818381325238
1971,521CI,1.5140764373784834
1972,521CI,1.5388353938004151
1973,521CI,1.493648357088524
1974,521CI,1.455258971161964
1975,521CI,1.3087830351567022
1976,521CI,1.4967453633407872
1977,521CI,1.4962818845422388
1978,521CI,1.4718123355928683
1979,521CI,1.4260570341085073
1980,521CI,1.3595008847902714
1981,521CI,1.3985407866168507
1982,521CI,1.4683020206755635
1983,521CI,1.4297308659905252
1984,521CI,1.387763336438543
1985,521CI,1.5261486040966414
1986,521CI,1.49623462461349
1987,521CI,1.4654557251074083
1988,521CI,1.405116866855261
1989,521CI,1.6227769252139859
1990,521CI,1.5484406036073828
1991,521CI,1.6054797536991614
1992,521CI,1.6863899123614827
1993,521CI,1.521068043956708
1994,521CI,1.5442209056229994
1995,521CI,1.534663836197408
1996,521CI,1.603936074014008
1997,521CI,1.7711080363392693
1998,521CI,1.8165695434783995
1999,521CI,1.8845748842930403
2000,521CI,1.8038460634689089
2001,521CI,1.8910304335610668
2002,521CI,1.9411006789619347
2003,521CI,1.5916407935502024
2004,521CI,1.632768192823414
2005,521CI,1.787617293773741
2006,521CI,1.779151018815334
2007,521CI,1.755530984132313
2008,521CI,1.7348226624459302
2009,521CI,1.6581231973575112
2010,521CI,1.5980198951566467
2011,521CI,1.9182602706111653
2012,521CI,1.1930206311836125
2013,521CI,1.6698951321506434
2014,521CI,1.6876964962218528
2015,521CI,1.7773588960726312
2016,521CI,1.607455071947285
2017,521CI,1.8288726250926433
2018,521CI,1.6255734077824981
2019,521CI,1.9856669809623402
2020,521CI,1.7956636248843605
2021,521CI,1.8231777360829258
2022,521CI,1.9954624873674176
2023,521CI,1.4284002113233025
2024,521CI,1.864013460575534
2025,521CI,2.112743435485424
1983,523,1.6682156546459723
1984,523,1.5066261439060904
1985,523,1.614638898677634
1986,523,1.689560370305799
1988,523,1.7450323821704123
1992,523,1.3910664031030617
1993,523,1.455589139138029
1994,523,1.4044123770456947
1995,523,1.3638935402271755
2001,523,1.1892044819419862
2002,523,1.453626489678742
2003,523,1.422941796198898
2004,523,1.1311445026439035
2005,523,1.3103699350694171
2007,523,1.3461202593270905
2008,523,1.309551074571697
1971,524,1.6550501074216675
1972,524,1.5861301829642127
1973,524,1.553165795094225
1974,524,1.3761696865196251
1975,524,1.554942560088509
1976,524,1.389443454985597
1977,524,1.4500187933433497
1978,524,1.4809435473742136
1979,524,1.3432415653989453
1980,524,1.4703071070738551
1981,524,1.389756482489897
1982,524,1.572566395970596
1983,524,1.6278694259155304
1984,524,1.3516783327499198
1985,524,1.2398948121278632
1986,524,1.7115972106061337
1987,524,1.6020435927213528
1988,524,1.491962268162313
1989,524,1.603269034861645
1990,524,1.3290544863093658
1991,524,1.4389223101513602
1993,524,1.2952836544952926
1995,524,1.3468563017794584
1998,524,1.5504154127381649
1999,524,1.7460940693671285
2000,524,1.7836312572112292
2001,524,1.692938487286803
2002,524,1.622788299121495
2003,524,1.6073025055554118
2004,524,1.4387901724272343
2005,524,1.8083660957509105
2006,524,1.782240577003444
2007,524,1.7582431193993293
2008,524,1.7380739666077751
2009,524,1.6621401468099166
2010,524,1.9652671944381224
2011,524,1.3133222584599777
2012,524,1.2214895065178442
2013,524,1.684586762261381
2014,524,1.6172749758979026
2015,524,1.5329873149405853
2016,524,1.9536031861213192
2017,524,1.821510020250066
2018,524,1.939573514020552
2019,524,1.7202148295326198
2020,524,1.86404692636686
2022,524,1.7468240680002451
2023,524,1.8496359728381955
1969,525,1.9896931934280464
1970,525,1.787581313612454
1971,525,1.7525570675021152
1976,525,1.9178743237779021
1980,525,1.4986331349146074
1981,525,1.5618525471397469
1982,525,1.711665407394777
1983,525,1.6220928484560928
1984,525,1.2730839165185068
1985,525,1.3242014526376578
1986,525,1.321729731109307
1987,525,1.5524805583727304
1988,525,1.5730923518807072
1992,525,1.6120874768137103
2001,525,1.8315574257798446
2002,525,2.6782936370935064
2003,525,1.6925416448971615
2004,525,1.8592365213567994
2005,525,2.701270241640165
2006,525,2.5262663103954135
2007,525,2.21900585085447
2008,525,1.5440089071509342
2009,525,1.7396957623724125
2010,525,1.9386797480889135
2011,525,1.7175498238789424
2012,525,2.105190403352318
2013,525,2.148697296876123
2014,525,1.4322988080172303
2017,525,1.6372315591899809
2018,525,2.024591337230316
2019,525,2.2285439888841037
1968,531,1.591834608653127
1969,531,1.4486805450652398
1970,531,1.5709320480369118
1971,531,1.3758574312343437
1972,531,1.798344939468855
1973,531,1.493049366223763
1974,531,1.5906556748682261
1975,531,1.3652948601108092
1976,531,1.3540443064593988
1977,531,1.5850792236226523
1978,531,1.5317339632996434
1979,531,1.3766987648857154
1980,531,1.5630545768681174
1981,531,1.5674150631588422
1982,531,1.5777375617884106
1983,531,1.4364394896565624
1984,531,1.6132800686502793
1985,531,1.5998546577160218
1986,531,1.5256263119931144
1987,531,1.4644110073803918
1988,531,1.6735073208466662
1989,531,1.6446250442729025
1990,531,1.7899085382734046
1991,531,1.7438788336746385
1992,531,1.4064427225268334
1993,531,1.6409293936539724
1994,531,1.5842474578355668
1995,531,1.592716074521543
1996,531,1.6797576761058768
1997,531,1.584985422580515
1998,531,1.6113285853188262
1999,531,1.8717118738286747
2000,531,1.6928552873867604
2001,531,1.8660756619888863
2002,531,1.7101991724727852
2003,531,2.015516093042933
2004,531,1.781286095170737
2005,531,1.9188184791440164
2006,531,1.4951622549094703
2007,531,1.7057602837060917
2008,531,1.482692679402999
2009,531,1.423904725989438
2010,531,1.5973790455161343
2011,531,1.7931256787140262
2012,531,2.192315465730716
2013,531,1.7199957892030757
2014,531,1.9175141689343693
2015,531,1.613361568126685
2016,531,1.8136873949276293
2017,531,1.659797203586261
2018,531,1.690100165433033
2019,531,1.8287418917401612
2020,531,1.9233512012290053
2021,531,1.761613613224614
2022,531,1.40578975107732
2023,531,1.3457815634496395
2024,531,1.6505871652654658
2025,531,1.8588026207443125
1968,532RL,1.3652187797705495
1969,532RL,1.436036294143308
1970,532RL,1.4977489859006874
1971,532RL,1.5171351013787042
1972,532RL,1.4838333482927157
1973,532RL,1.5204270742171968
1974,532RL,1.5394032672691598
1975,532RL,1.5287998105755012
1976,532RL,1.715288642628272
1977,532RL,1.6576716158647504
1978,532RL,1.5083318955394927
1979,532RL,1.5499085590338224
1980,532RL,1.5837754723203743
1981,532RL,1.5064999029731634
1982,532RL,1.5520002830009303
1983,532RL,1.5832457942592706
1984,532RL,1.5892443873173865
1985,532RL,1.5176534346887836
1986,532RL,1.5518325860823505
1987,532RL,1.5922145407759318
1988,532RL,1.5319602461312933
1989,532RL,1.4281254601420714
1990,532RL,1.4821902976747585
1991,532RL,1.5175681916820067
1992,532RL,1.445489610869736
1993,532RL,1.4613238628743859
1994,532RL,1.4631712218857011
1995,532RL,1.5176443505396042
1996,532RL,1.3806706208286819
1997,532RL,1.483899214196799
1998,532RL,1.6905219778867895
1999,532RL,1.5412326585062628
2000,532RL,1.5211739972804597
2001,532RL,1.4753427072216916
2002,532RL,1.8434460910469577
2003,532RL,1.8051137384818372
2004,532RL,1.7198966072884754
2005,532RL,1.6133230512385708
2006,532RL,1.6374815776742244
2007,532RL,1.4849528592434922
2008,532RL,1.6115705175495747
2009,532RL,1.6013864630873178
2010,532RL,1.5480679509318496
2011,532RL,1.365157933234888
2012,532RL,1.3526950099756887
2013,532RL,1.6087899047219014
2014,532RL,1.7059627133732533
2015,532RL,1.4510157075911
2016,532RL,1.5515492869198881
2017,532RL,1.48559731326313
2018,532RL,1.7482495707846137
2019,532RL,1.669948063922264
2020,532RL,1.6485671818774503
2021,532RL,1.4744223565365273
2022,532RL,1.6457519728484296
2023,532RL,1.6402249416213115
2024,532RL,1.8227325232880218
2025,532RL,1.7552949958646404
1970,5411,1.9463233198957415
1971,5411,1.6775253884937489
1972,5411,2.0309590348638666
1973,5411,1.9252382635069059
1974,5411,1.6525569262561794
1975,5411,1.6822053682954852
1976,5411,1.3692181370134577
1977,5411,1.6212196170479216
1978,5411,1.7611437572895974
1979,5411,1.8411682230105817
1980,5411,1.8320326044285495
1981,5411,1.717708082130722
1982,5411,1.7028056178710431
1983,5411,1.7851491336813403
1984,5411,1.8511335580982589
1985,5411,1.864878859874986
1986,5411,1.6621392322951705
1987,5411,2.000757420330326
1988,5411,1.9802082808486836
1989,5411,1.8729901365416866
1990,5411,1.7779288157113018
1991,5411,1.7134467108183369
1992,5411,1.749094700074627
1993,5411,1.7201149740826722
1994,5411,1.825249023232563
1995,5411,1.7237354613116709
1996,5411,1.9008496561668025
1997,5411,2.2351340886780195
1998,5411,2.1942034119134948
1999,5411,2.6804174752223435
2000,5411,2.163076553189959
2001,5411,2.4525789031196052
2002,5411,2.282408051092687
2003,5411,1.88133419372897
2004,5411,2.737543855932489
2005,5411,2.353030056395401
2006,5411,2.540834092892589
2007,5411,2.296650776654632
2008,5411,2.208295559542072
2009,5411,2.525676718351483
2010,5411,2.4379370668035993
2011,5411,2.3823792462366566
2012,5411,2.4000294396287094
2013,5411,2.4451944671452144
2014,5411,2.7959903706019213
2016,5411,2.4941559680818144
2017,5411,1.9688147696473564
2018,5411,1.9760402722960806
2019,5411,2.012596780879584
2020,5411,2.660132146337506
2021,5411,2.6955636192188
2024,5411,2.464145410933652
1985,5415,1.4271069997118253
1986,5415,1.5691761596335425
1987,5415,1.4649269156651017
1988,5415,1.5485947359342984
1989,5415,1.6064380360084223
1990,5415,1.4745702384402126
1991,5415,1.4801184983219409
1992,5415,1.4013530646472525
1993,5415,1.451813850452711
1997,5415,1.3924835660068635
1998,5415,1.7836351644667903
1999,5415,1.507443697643319
2000,5415,1.563254624877877
2001,5415,1.5627349720331811
2002,5415,1.560271562874306
2003,5415,1.7724006998086617
2004,5415,1.506920693992541
2005,5415,1.5727768532156645
2006,5415,1.742757711004008
2007,5415,1.602158026705918
2008,5415,1.6199876537497024
2009,5415,1.5808298686195408
2010,5415,1.4765962666085546
2011,5415,1.5328744490663027
2012,5415,1.3891386842044329
2013,5415,1.2139427273584904
2014,5415,1.3824979394354784
2015,5415,1.5735255701797302
2016,5415,1.6735526057106014
2017,5415,1.4574662015320226
2018,5415,1.4352551588397344
2019,5415,1.3561689486886306
2020,5415,1.6124550696917443
2021,5415,1.363556327780267
2022,5415,1.280754479550999
2023,5415,1.8263231676965506
2024,5415,1.8963621202960566
2025,5415,1.8317775682667379
1968,55,1.7148458207845119
1969,55,1.521986849616168
1970,55,1.7549027925646583
1971,55,1.505846595227312
1972,55,1.5794783404600299
1973,55,1.694520464022734
1974,55,1.5193125295479857
1975,55,1.426714210554954
1976,55,1.5407637717849778
1977,55,1.3734143986400449
1978,55,1.2888714484344
1979,55,1.3888501621730633
1980,55,1.3229939411423006
1981,55,1.480392617940123
1982,55,1.3913080010128989
1983,55,1.607175426510867
1984,55,1.4958563605914974
1985,55,1.2135960592219885
1986,55,1.3279961745254725
1987,55,1.5021221615668716
1988,55,1.6241604739805295
1989,55,1.4236971692779261
1990,55,1.5668285977988894
1991,55,1.6073835397723757
1992,55,1.477390159799226
1993,55,1.4406828798399784
1994,55,1.4871482195723493
1995,55,1.3465379120557486
1996,55,1.1829031313890936
1997,55,1.387645452556338
1998,55,1.4767738008169475
1999,55,1.6796582171957937
2000,55,1.6042558910645894
2001,55,1.5118001496326183
2002,55,1.783969897442612
2003,55,1.6700607528728721
2004,55,1.6899308629363639
2005,55,1.5598766979891086
2006,55,1.7121020668944826
2007,55,1.4495989051949705
2008,55,1.45982994321136
2009,55,1.6732705645836383
2010,55,1.5107109636432487
2011,55,1.7270967531549697
2012,55,1.7490813646327978
2013,55,1.7130379610316058
2014,55,1.7162939207186865
2015,55,1.493602326293627
2016,55,1.8522417604142831
2017,55,1.6721844952368898
2018,55,1.804681751623237
2019,55,1.6103629209362194
2020,55,1.5950653435894575
2021,55,1.6235809191622852
2022,55,1.7513188121269656
2023,55,1.764625232445184
2024,55,1.3580608370345444
2025,55,1.8591950788355602
1995,561,1.5017288607440906
2001,561,1.5983254377839873
2002,561,2.2707007216056465
2003,561,1.6841201123695848
2004,561,1.4748260467014653
2005,561,1.635073639668673
2006,561,1.2412343099268675
2007,561,1.3464836905574296
2008,561,1.4822170611599832
2009,561,1.4572799854910499
2010,561,1.7852277985786404
2011,561,1.618203907491422
2012,561,1.4364936882826749
2013,561,1.5605850632629759
2014,561,1.2757439853823493
2015,561,1.4411055113099607
2016,561,2.0571181229891677
2017,561,1.3125590339010225
2018,561,1.1763119811631495
2019,561,1.3097669636349247
2020,561,1.492239197070694
2021,561,1.4861285193328813
2022,561,1.4632427742451315
2023,561,1.679502054077688
2024,561,1.1523727220002586
2025,561,1.422714330896867
1985,562,1.8712399825772263
1986,562,1.8359202258903555
1987,562,1.460038029177432
1988,562,1.911231500271801
1989,562,1.656283806388466
1990,562,1.8117742770625962
1991,562,1.7064903612707965
1992,562,1.4469405787666816
1993,562,1.6188135256904352
1994,562,1.6285665200909427
1995,562,1.725804111272935
1997,562,2.138231044294439
1998,562,1.831714460702437
1999,562,2.3170800429689975
2000,562,1.925167078780308
2001,562,2.03090243667716
2002,562,1.7182376325144455
2003,562,1.6354639624229508
2004,562,1.6599097212586755
2005,562,1.8089962839686091
2006,562,2.005288444731698
2007,562,2.1086357314570683
2008,562,2.187872855005961
2009,562,1.8207110358006855
2010,562,2.209928077581148
2011,562,2.2602098780262208
2012,562,2.096857867358371
2013,562,1.9694252154917173
2014,562,2.0988257831198265
2015,562,1.933796051417343
2016,562,2.319779182705216
2017,562,2.454677064609845
2018,562,1.979645003436968
2019,562,2.478453886700596
2020,562,2.6165047416475504
2021,562,2.2508474492440342
2022,562,1.6732036625791795
2023,562,2.3468483832553817
2024,562,2.2515109537898312
2025,562,1.3588686854016672
1968,61,1.5339504173681855
1969,61,1.5084933116373427
1970,61,1.5521085474864575
1971,61,1.5815998159761835
1972,61,1.5634306247756056
1973,61,1.5337649518804712
1974,61,1.5575526939930673
1975,61,1.5637188395231638
1976,61,1.6196919043178386
1977,61,1.5870105932218617
1978,61,1.579383186236455
1979,61,1.5751262632248781
1980,61,1.6072416347833063
1981,61,1.5425661513541737
1982,61,1.549301517618847
1983,61,1.5659687062768715
1984,61,1.5663557863698174
1985,61,1.5923461965025953
1986,61,1.5789685697694846
1987,61,1.6271611475774046
1988,61,1.5849724543724695
1989,61,1.5881795802476324
1990,61,1.569597994178057
1991,61,1.5371267165622857
1992,61,1.5472989277038602
1993,61,1.618824676939719
1994,61,1.5687741612293438
1995,61,1.583149997168862
1996,61,1.547609357819674
1997,61,1.6108091050805344
1998,61,1.6030297308388388
1999,61,1.594871507950714
2000,61,1.6805680745968408
2001,61,1.6363855683946613
2002,61,1.6891478549327354
2003,61,1.705936423122111
2004,61,1.5852845925296006
2005,61,1.69568624359012
2006,61,1.6984212142626818
2007,61,1.617285410200509
2008,61,1.6518814325724234
2009,61,1.6389207225112603
2010,61,1.6780069096681378
2011,61,1.6997137040894272
2012,61,1.6312795892542338
2013,61,1.7315049731024554
2014,61,1.61665898374474
2015,61,1.5213964538227709
2016,61,1.773223477612165
2017,61,1.624756688409661
2018,61,1.5796697701457079
2019,61,1.6892650837796146
2020,61,1.3903278494855815
2021,61,1.4337656513013317
2022,61,1.6294797412685451
2023,61,1.5428444490210262
2024,61,1.7110979190146953
2025,61,1.7998453930659033
1968,621,1.594415733155629
1969,621,1.8018139640658328
1970,621,1.6527581605816244
1971,621,1.87784249875187
1972,621,1.8078061781594017
1973,621,1.8335447291603506
1974,621,1.919665724108448
1975,621,1.814162870927735
1976,621,1.850202129670512
1977,621,1.9171676419202344
1978,621,2.0108291997065573
1979,621,1.8631729315646028
1980,621,2.0633628849193397
1981,621,1.7768749209543409
1982,621,1.9344499973763922
1983,621,2.1439852768347634
1984,621,2.078803990669787
1985,621,2.0358707859581275
1986,621,2.099451347146236
1987,621,1.9766428979908388
1988,621,1.8427371759297897
1989,621,1.899237356390963
1990,621,2.1342640546463048
1991,621,1.913390127608224
1992,621,1.8928099962407174
1993,621,1.8193225677833005
1994,621,1.931666202703147
1995,621,1.846915069928661
1996,621,2.2221185844579296
1997,621,2.3204364651041343
1998,621,2.4840260725982897
1999,621,2.7192826478144503
2000,621,2.253720656725959
2001,621,2.142677005936372
2002,621,2.1898170654914297
2003,621,2.4675783566643354
2004,621,2.252852983065321
2005,621,2.348516683876944
2006,621,2.3708007965932762
2007,621,2.364540078025937
2008,621,2.319954465480689
2009,621,2.2641214338595814
2010,621,1.9641324890830698
2011,621,2.0767525666232203
2012,621,2.1286632114984316
2013,621,2.2918927917644316
2014,621,2.0961900030776732
2015,621,1.9589828419110797
2016,621,2.263775995034711
2017,621,2.0397629248433553
2018,621,2.2185314565040097
2019,621,2.0116444259907955
2020,621,2.0837606032900178
2021,621,2.193227037681169
2022,621,2.1003987898293817
2023,621,2.0744374130889023
2024,621,1.9827090277047532
2025,621,1.8113292354559904
1968,622HO,1.5147187953883907
1969,622HO,1.6549863188612999
1970,622HO,1.4738828386495988
1971,622HO,1.6429283135743211
1972,622HO,1.585894601972221
1973,622HO,1.5353678637730916
1974,622HO,1.6182027076702261
1975,622HO,1.4547956176606236
1976,622HO,1.6018535059773071
1977,622HO,1.576861317611549
1978,622HO,1.562454252579385
1979,622HO,1.5780038708983521
1980,622HO,1.4824010363359426
1981,622HO,1.4780255290610114
1982,622HO,1.6149827856996948
1983,622HO,1.632853337725102
1984,622HO,1.6359598674601814
1985,622HO,1.6206471544385994
1986,622HO,1.5908785960897274
1987,622HO,1.6844057238759573
1988,622HO,1.6551766231647616
1989,622HO,1.7085000075636863
1990,622HO,1.6858283713170663
1991,622HO,1.7810395304841211
1992,622HO,1.8005843049284163
1993,622HO,1.8451207786916899
1994,622HO,1.747719615917116
1995,622HO,1.7930043758808194
1996,622HO,1.840980110522842
1997,622HO,1.8228524552662457
1998,622HO,1.745490005378755
1999,622HO,1.8405766505329468
2000,622HO,1.8266028867730961
2001,622HO,1.847812012016932
2002,622HO,1.9518110847109045
2003,622HO,1.8625511365149097
2004,622HO,1.9221473421984852
2005,622HO,1.840766679305173
2006,622HO,1.8747050396911287
2007,622HO,1.9744510125620256
2008,622HO,1.8566286363924365
2009,622HO,2.030515121172911
2010,622HO,1.8385308757711176
2011,622HO,1.9588590514781474
2012,622HO,1.9983149226606232
2013,622HO,1.916877171661275
2014,622HO,2.0342899684649463
2015,622HO,1.856546059947477
2016,622HO,2.0048638484143737
2017,622HO,1.9569961591401814
2018,622HO,1.9303046356141758
2019,622HO,2.0011213033295974
2020,622HO,2.1391449174266626
2021,622HO,2.0604570270039537
2022,622HO,2.1628426805813596
2023,622HO,2.0924459334360828
2024,622HO,2.220532527449322
2025,622HO,1.8228903064671373
1968,624,1.275598829649606
1969,624,1.4230268151226837
1970,624,1.3546671969865596
1971,624,1.052395723623699
1972,624,1.2164810011060059
1973,624,1.1475748424717602
1974,624,1.1557477296238607
1975,624,1.2327399488884336
1976,624,1.2342739972572982
1977,624,1.210815368947126
1978,624,1.185515094662485
1979,624,1.2610680876715705
1980,624,1.2373482864482317
1981,624,1.2091047169372273
1982,624,1.2920606331012878
1983,624,1.3234689602397391
1984,624,1.3700292269622347
1985,624,1.3521466147954992
1986,624,1.5326130281845696
1987,624,1.37973519452847
1988,624,1.3615586829450592
1989,624,1.3510563031742007
1990,624,1.468564093098826
1991,624,1.6168319980143298
1992,624,1.6414596892694209
1993,624,1.5928932698909946
1994,624,1.646378114349911
1995,624,1.4863523515871184
1996,624,1.6455372394370729
1997,624,1.7997649131503353
1998,624,1.624832741473279
1999,624,1.7238168284094415
2000,624,1.5396432885049411
2001,624,1.7223698522583126
2002,624,1.704410540364711
2003,624,1.6917152508065882
2004,624,1.3223068007218153
2005,624,1.619173286373077
2006,624,1.6720111310382493
2007,624,1.7189028521452319
2008,624,1.5583515418003955
2009,624,1.7869655923045848
2010,624,1.592651881623335
2011,624,1.530233203066812
2012,624,1.6519547036347528
2013,624,1.6546437944391867
2014,624,1.2682999032773712
2015,624,1.5469810916946454
2016,624,1.6129833615052311
2017,624,1.7887449426731965
2018,624,1.7134058057897228
2019,624,1.7102791629417122
2020,624,1.73624736524278
2021,624,1.7422868878232596
2022,624,1.7363673574675118
2023,624,1.3350207067842816
2024,624,1.7638420955663503
2025,624,1.8020513864923167
1975,721,1.5944826694921126
1976,721,1.4842535819334584
1977,721,1.370832419355461
1978,721,1.270273084758389
1979,721,1.330637022617142
1980,721,1.4032486657779992
1981,721,1.718392335968821
1982,721,1.6200013167851952
1983,721,1.5508159503300327
1984,721,1.260141408140563
1985,721,1.4890391668865504
1986,721,1.551055989347343
1987,721,1.4121961797200693
1988,721,1.2873257234299829
1989,721,1.645184639409013
1990,721,1.7214108257778828
1991,721,1.4563007701533832
1992,721,1.4596069105418858
1993,721,1.291289514766782
1994,721,1.4116077264816542
1995,721,1.2991933195292582
1996,721,1.5803738344377887
1997,721,1.6231174109072954
1998,721,1.3653008408248946
1999,721,1.4711068124196414
2000,721,1.7022525693382724
2001,721,1.4494426515700514
2002,721,1.6136075945515744
2003,721,1.3911903990865853
2004,721,1.5291409146371364
2005,721,1.624057073176099
2006,721,1.72228252956217
2007,721,1.572238041022966
2008,721,1.793703840341316
2009,721,1.630810651448323
2010,721,1.611288588033607
2011,721,1.4686861349099312
2012,721,1.5625100028822396
2013,721,1.5445113015956755
2014,721,1.3307670958439366
2015,721,1.568508318562653
2016,721,1.8827033797971655
2017,721,1.5021699072471935
2018,721,1.4727038234458938
2019,721,1.608687650121394
2020,721,1.5751616003165687
2021,721,1.913895220616465
2022,721,1.6209092322220389
2023,721,1.8312326107033812
2024,721,1.775610643451776
2025,721,1.7815442930903367
1968,722,1.670201923200416
1969,722,1.602860277549832
1970,722,1.744994345052162
1971,722,1.2964681805091696
1972,722,1.4741535407289403
1973,722,1.368988954948747
1974,722,1.3852653589256347
1975,722,1.3099026591319567
1976,722,1.3164858249462847
1977,722,1.4269799674418646
1978,722,1.441989149290862
1979,722,1.3610648252909303
1980,722,1.3171525786398532
1981,722,1.3627131716704055
1982,722,1.3030968289346587
1983,722,1.2892089428942146
1984,722,1.3740033067432131
1985,722,1.357472733055607
1986,722,1.3303251654258703
1987,722,1.4615261607676708
1988,722,1.4778782382566982
1989,722,1.5857722361716486
1990,722,1.3686332999864539
1991,722,1.483644905406019
1992,722,1.4063597992779857
1993,722,1.3124331044333124
1994,722,1.446948362652619
1995,722,1.4066701782560926
1996,722,1.265202232483312
1997,722,1.328373851503543
1998,722,1.4663969897047506
1999,722,1.7595429553940152
2000,722,1.563171975001808
2001,722,1.3830562259919796
2002,722,1.5094059422049726
2003,722,1.4485601483036699
2004,722,1.453998198530317
2005,722,1.5668661376357307
2006,722,1.553869912100985
2007,722,1.4810753546472804
2008,722,1.435219594501404
2009,722,1.385205213809474
2010,722,1.432014763706551
2011,722,1.418216923713739
2012,722,1.427973605821474
2013,722,1.2899311027076443
2014,722,1.3215031477767833
2015,722,1.3870718345689892
2016,722,1.3471479677549678
2017,722,1.2936509237111258
2018,722,1.2969852895424419
2019,722,1.4180060130734236
2020,722,1.369536155374135
2021,722,1.6499466765914035
2022,722,1.3364480960293599
2023,722,1.543522685544425
2024,722,1.2918991948884246
2025,722,1.2953565699395533
1968,81,1.6545711930790359
1969,81,1.5550721037881134
1970,81,1.4239400937973181
1971,81,1.4012839864959674
1972,81,1.5925521988049585
1973,81,1.4788957630719306
1974,81,1.425442169821184
1975,81,1.4262486710373814
1976,81,1.5204637718006144
1977,81,1.3498266340497778
1978,81,1.364866925705813
1979,81,1.3818794827615113
1980,81,1.2736624719929763
1981,81,1.2631115897655003
1982,81,1.1837651206015014
1983,81,1.2925433360828844
1984,81,1.2755948662726861
1985,81,1.3434374453213989
1986,81,1.4776065420529572
1987,81,1.2850250705068849
1988,81,1.30389286615537
1989,81,1.3607588073838832
1990,81,1.3375751203411856
1991,81,1.3906007555080904
1992,81,1.3588804690170677
1993,81,1.382803553272872
1994,81,1.3540908938822662
1995,81,1.2332351696912245
1996,81,1.253244426104781
1997,81,1.4025373575588111
1998,81,1.3500260717225254
1999,81,1.366988374534605
2000,81,1.4215676325366624
2001,81,1.448773290530266
2002,81,1.4070084101799976
2003,81,1.4122546403932306
2004,81,1.42200595103254
2005,81,1.3546771082661688
2006,81,1.2778342537613256
2007,81,1.3707568525627618
2008,81,1.397877715207149
2009,81,1.3015813212891436
2010,81,1.342603687682936
2011,81,1.2451871932192198
2012,81,1.2417864974194637
2013,81,1.1971598250821716
2014,81,1.2507422849678258
2015,81,1.4302703398766865
2016,81,1.1047482352479954
2017,81,1.2165838106751392
2018,81,1.2610401211972888
2019,81,1.2857854582704074
2020,81,1.3394330636552259
2021,81,1.1729419166481245
2022,81,1.2334544019290699
2023,81,1.2607176346777986
2024,81,1.4584885391410956
2025,81,1.1032022388892437
