YEAR,L_SHARE,OUTPUT,K_STR,K_EQ,REL_P_EQ,DPR_ST,DPR_EQ,L_U,L_S,W_U,W_S,SKILL_PREMIUM,LABOR_INPUT_RATIO,L_S_raw,L_U_raw,L_S_iv,L_U_iv
1987,0.7745984455958549,183.39414777910324,746.2201451276761,10.58495064399689,1.0,0.0252173913043478,0.1452702702702702,0.0,0.0,0.0,0.0,1.602552259644675,0.5337398186814156,0.0,0.0,0.0,0.0
1988,0.867144327662802,187.85013471607954,739.6289502431911,11.71050841038991,0.9500747816442774,0.0251827782290819,0.1437308868501529,13.60728089150775,6.472496965211764,8.746383297274118,13.154493672106362,1.586051636283044,0.4481305812175198,6.4724969652179185,13.607280891511017,6.472496965211764,13.60728089150775
1989,0.8646240265543215,192.7850516052241,733.679033198109,12.669379061543731,0.9038180442807321,0.0250189537528431,0.1481481481481481,14.23311792324317,5.8745058887760315,9.270672886843377,14.542954160395725,1.730884572037371,0.5056582513316726,5.87450588879103,14.233117923246594,5.8745058887760315,14.23311792324317
1990,0.8910194713852077,197.24509680663817,726.8477506227234,13.165870391954329,0.8561909623063513,0.0251617541337167,0.1502732240437158,14.612124125517669,5.713464622653898,9.72719640356185,15.449909923418122,1.5338859115356192,0.3082489619188033,5.713464622661862,14.612124125519825,5.713464622653898,14.612124125517669
1991,0.9358466173116562,198.4721799939191,717.1687485812954,13.3941908541125,0.8190151382042606,0.026074700493305,0.1517615176151762,14.401989167767695,6.39108176011481,10.283907719824812,15.858177449873448,1.6419561673179237,0.4772427807963124,6.391081760102708,14.401989167767292,6.39108176011481,14.401989167767695
1992,0.9573995746967962,205.57397030188625,706.7922287503454,13.88870215453766,0.7703925033557711,0.0258679373723622,0.1528150134048257,14.169606891447954,6.842963120819981,10.63722468911954,16.39995657554401,1.523517930047493,0.4883263665659105,6.842963120802411,14.169606891445701,6.842963120819981,14.169606891447954
1993,0.9184276081261006,214.42364932557024,696.3847696768689,14.26436379427605,0.7267644146752844,0.0254071661237785,0.1528150134048257,14.236861063705167,6.738579436169561,11.162171278839802,17.48704186587548,1.525603580865151,0.397825615905525,6.738579436155561,14.236861063704271,6.738579436169561,14.236861063705167
1994,0.9262603073945584,225.07001407389507,686.7103219340701,14.621566371597869,0.6952151400738843,0.02532427424336,0.1542553191489362,14.395735291539314,6.501018220779194,11.549557753087692,18.558486539004267,1.4649372064221262,0.4537764486029877,6.5010182207717495,14.39573529153929,6.501018220779194,14.395735291539314
1995,0.8938220218136972,234.4082428292955,677.7350578046209,15.244293421122629,0.6535027182946822,0.0256410256410256,0.1574803149606298,14.437426089094355,6.528066645639479,11.749440576605432,19.27712942197953,1.529945599492951,0.4798553936661717,6.528066645634071,14.437426089092764,6.528066645639479,14.437426089094355
1996,0.8728161379187772,245.82609765769217,669.4190403277356,16.0617556806812,0.6064656149242227,0.0257879656160457,0.1601049868766404,14.65480320604709,6.345432309064265,12.149608469633066,20.334250835689048,1.52523308452966,0.4544190216131391,6.345432309065896,14.654803206045043,6.345432309064265,14.65480320604709
1997,0.8441502546486327,262.33483433026413,661.4273477388817,16.81734333350207,0.5662120458808116,0.0253916801728795,0.1622340425531915,14.981601089471999,6.044260000061534,12.643460690091299,21.514973992209782,1.725629728917765,0.4275765756188159,6.044260000068999,14.981601089470237,6.044260000061534,14.981601089471999
1998,0.8520246421922062,294.63526159081243,652.8678200141464,18.185878883674057,0.5180442033154055,0.0256016385048643,0.1591511936339522,14.90235684878309,6.425695249556839,13.150901178749919,22.306370966932263,1.642874901320336,0.4403556582834582,6.425695249565558,14.902356848778746,6.425695249556839,14.90235684878309
1999,0.8503481528370752,314.76189852014,643.5582449290866,19.48849340128653,0.47066116806736263,0.0255026974006865,0.1618798955613577,15.016126473603714,6.394502986251571,13.837463206661521,23.482010561198152,1.7681108840227,0.3924974327479666,6.394502986262297,15.016126473600144,6.394502986251571,15.016126473603714
2000,0.8624246178299285,333.48457466579515,633.2089412644217,20.28062391808441,0.4317115486378693,0.0256410256410256,0.1618798955613577,15.102130938460375,6.311820306906809,14.468336064475135,24.568019574608872,1.5912178828313146,0.4007602235625966,6.3118203069138135,15.10213093845861,6.311820306906809,15.102130938460375
2001,0.8656433590600161,325.33278183048805,621.9390136703718,20.412377394723713,0.3940239666395768,0.0259139287366959,0.1634877384196185,15.054258014981563,6.343679697763873,14.853624271830249,25.30414296940679,1.829041914502556,0.4439141727807178,6.343679697760673,15.05425801498097,6.343679697763873,15.054258014981563
2002,0.8599378136467037,323.05983412322274,608.6201097788132,22.980184903638328,0.36386810052785795,0.0255824577432617,0.1566579634464752,13.809953421522565,8.27109645294168,15.63696169462367,25.596880830534175,1.722400901304959,0.6262380833134524,8.271096452942205,13.809953421516408,8.27109645294168,13.809953421522565
2003,0.8606761431604358,339.60106028879557,595.3078236021724,24.812515047773122,0.3321637621864851,0.0258503401360543,0.1619537275064266,13.769680059616345,7.884932617846347,16.222350123158627,26.92668204411903,1.7133723964731962,0.5774785661616229,7.88493261784957,13.769680059615757,7.884932617846347,13.769680059616345
2004,0.8645902059063919,378.13807654678965,582.0627282301626,25.89774194302666,0.3118898269439929,0.0250212044105173,0.1633165829145728,13.708625353029923,7.569813052318333,16.688387662899338,28.070225988190963,1.6220300537895098,0.5225136914806779,7.569813052321474,13.708625353034067,7.569813052318333,13.708625353029923
2005,0.8657177957669833,405.49949142275915,569.8311709745501,26.26978980565996,0.2920120745007541,0.0251374705420267,0.1636828644501278,13.708970941975128,7.206376909087112,16.762468399108364,28.85387654538711,1.8840811832946356,0.5097821847652966,7.206376909087447,13.708970941982061,7.206376909087112,13.708970941975128
2006,0.8711561661907531,425.3356392944646,557.6971377277761,26.27168085953297,0.27154907496304725,0.0251851851851852,0.1610389610389611,13.454732692177428,7.387814078744473,16.77046737850135,29.186865166656396,1.6677124690392946,0.5675078201091609,7.387814078733788,13.454732692184187,7.387814078744473,13.454732692177428
2007,0.875782037139546,467.86847729873267,547.4478348849217,27.281651726544034,0.2547452457378451,0.0255395683453237,0.1592689295039164,13.22861883984118,7.616529705870157,16.81564644045406,29.78851515834285,1.7092207002901587,0.5880921532154451,7.6165297058701755,13.228618839845643,7.616529705870157,13.22861883984118
2008,0.8625499795205867,458.2008620780954,538.2703694346685,29.82237188415372,0.23574145354812562,0.0248891919536311,0.1527093596059113,12.894575423189993,8.173163907682287,17.06571187417293,30.418190160737673,1.915723829364516,0.62987985957073,8.173163907693697,12.894575423190457,8.173163907682287,12.894575423189993
2009,0.8488712903620852,421.1243593656273,527.3269959357943,31.617318913137485,0.22838324480601288,0.0267824828085413,0.1572481572481572,12.740797756224538,8.38641032059658,17.44650633183938,30.98826042395594,1.6800217927179055,0.6137314062052228,8.386410320589752,12.74079775622534,8.38641032059658,12.740797756224538
2010,0.8562178460378781,439.00293255131965,516.2912375876183,33.79319930429296,0.20973249811306424,0.0260550458715597,0.1586538461538461,12.359093121343747,8.849695911091427,17.598806414763843,31.387008080015786,1.870516154537856,0.7153930174779795,8.84969591107864,12.359093121342626,8.849695911091427,12.359093121343747
2011,0.8560998341135873,454.8568168620939,505.3465982006901,37.2290334753066,0.19869040305986455,0.0255395683453237,0.1568181818181817,11.901730241291695,9.43964013677058,18.14089536614519,32.26062284322827,1.859030462065684,0.8460947303076771,9.439640136767803,11.901730241288963,9.43964013677058,11.901730241291695
2012,0.858606720152514,478.78278782787834,495.8913937739063,40.73316379023448,0.18864892110924922,0.0258342303552205,0.158351409978308,12.098081448249141,8.923609538371124,18.533498421375807,33.61823396825598,1.6251550183490522,0.66923394422577,8.923609538381072,12.098081448248681,8.923609538371124,12.098081448249141
2013,0.8603072302349591,490.42241616542833,485.58910563432056,43.75254152246777,0.17942470361884144,0.0255319148936169,0.1592356687898088,12.048100492563655,8.90848532774757,18.936409024334992,34.456985663298774,1.6651326710844134,0.7863639336022613,8.908485327748519,12.048100492564135,8.90848532774757,12.048100492563655
2014,0.8636631330977621,512.6195139364587,475.5017958003385,46.11606412235057,0.16940040437319334,0.0257404795486601,0.161764705882353,12.162694472918615,8.573210876295533,19.167826878673445,35.34977462641203,1.6340887695322537,0.820278967123769,8.573210876291053,12.162694472920728,8.573210876295533,12.162694472918615
2015,0.8690372167354588,536.5650969529087,465.96685084881267,48.27488314962244,0.1606264510913028,0.0256771016531832,0.160676532769556,12.21592482688793,8.408146853710669,19.329162144084272,36.11758114471818,2.1422070750689586,0.6559513021451628,8.408146853703597,12.215924826890044,8.408146853710669,12.21592482688793
2016,0.8679348507471192,536.0781940096655,457.83125834606096,51.02005366590519,0.15057231044144603,0.0255781359495445,0.1589958158995816,12.277556808478057,8.332551845814907,19.483344522964376,36.95229750388221,2.0613185451762663,0.6229955856750344,8.332551845815349,12.27755680847832,8.332551845814907,12.277556808478057
2017,0.8707069568763818,559.4187967552116,449.50205592976135,55.03148312294051,0.1425409382901312,0.0254908715122286,0.1561866125760649,11.984594927199614,8.940413393965505,19.927928443781745,37.66145283761304,1.9806063014260595,0.6731329985534702,8.940413393970642,11.984594927195877,8.940413393965505,11.984594927199614
2018,0.8720459699819076,576.5185782789597,441.32894683064126,58.47649652396426,0.13499655825412618,0.0252407837927599,0.1568627450980392,12.299539134290718,8.455548159491867,20.29403905148795,38.79407255100289,1.7808502104721162,0.7514761207873664,8.455548159495006,12.299539134288302,8.455548159491867,12.299539134290718
